Date,Open,High,Low,Close,Adj Close,Volume
12/10/2013,80.511429,81.125717,80.171425,80.792854,72.205704,69567400
12/11/2013,81,81.567146,79.955711,80.194283,71.670746,89929700
12/12/2013,80.305717,80.762856,80.004288,80.077141,71.566086,65572500
12/13/2013,80.407143,80.41143,79.095711,79.204285,70.785973,83205500
12/16/2013,79.288574,80.377144,79.28714,79.64286,71.177933,70648200
12/17/2013,79.401428,79.919998,79.054283,79.284286,70.857491,57475600
12/18/2013,78.528572,78.778572,76.971428,78.681427,70.31871,141465800
12/19/2013,78.5,78.571426,77.675713,77.779999,69.513092,80077200
12/20/2013,77.918571,78.80143,77.831429,78.431427,70.095276,109103400
12/23/2013,81.14286,81.531425,80.394287,81.441429,72.785355,125326600
12/24/2013,81.412857,81.697144,80.861427,81.095711,72.476387,41888700
12/26/2013,81.157143,81.35714,80.482857,80.557144,71.995049,51002000
12/27/2013,80.545715,80.629997,79.928574,80.012856,71.508598,56471100
12/30/2013,79.637146,80.012856,78.902855,79.21714,70.797493,63407400
12/31/2013,79.167145,80.182854,79.14286,80.145714,71.627357,55771100
1/2/2014,79.382858,79.575714,78.860001,79.01857,70.62001,58671200
1/3/2014,78.980003,79.099998,77.204285,77.28286,69.068787,98116900
1/6/2014,76.778572,78.114288,76.228569,77.704285,69.445427,103152700
1/7/2014,77.760002,77.994286,76.845711,77.148575,68.948753,79302300
1/8/2014,76.972855,77.937141,76.955711,77.637146,69.385429,64632400
1/9/2014,78.114288,78.122856,76.478569,76.645714,68.499359,69787200
1/10/2014,77.118568,77.257141,75.872856,76.134285,68.042282,76244000
1/13/2014,75.701431,77.5,75.697144,76.53286,68.398491,94623200
1/14/2014,76.888573,78.104286,76.808571,78.055717,69.759499,83140400
1/15/2014,79.074287,80.028572,78.808571,79.622856,71.16008,97909700
1/16/2014,79.271431,79.550003,78.811432,79.178574,70.763023,57319500
1/17/2014,78.78286,78.867142,77.128571,77.238571,69.02919,106684900
1/21/2014,77.284286,78.581429,77.202858,78.438568,70.101646,82131700
1/22/2014,78.701431,79.612854,78.258568,78.78714,70.413162,94996300
1/23/2014,78.562859,79.5,77.830002,79.454285,71.009415,100809800
1/24/2014,79.14286,79.374283,77.821426,78.010002,69.718643,107338700
1/27/2014,78.581429,79.257141,77.964287,78.64286,70.284225,138719700
1/28/2014,72.68,73.571426,71.724289,72.35714,64.666603,266380800
1/29/2014,71.992859,72.48143,71.23143,71.535713,63.932476,125702500
1/30/2014,71.791428,72.35714,70.957146,71.397141,63.808632,169625400
1/31/2014,70.739998,71.647141,70.507141,71.514282,63.91333,116199300
2/3/2014,71.80143,72.53286,71.328575,71.647141,64.032051,100366000
2/4/2014,72.264282,72.779999,71.822861,72.684288,64.958969,94170300
2/5/2014,72.365715,73.611427,72.321426,73.227142,65.444122,82086200
2/6/2014,72.865715,73.35714,72.544289,73.215714,65.825577,64441300
2/7/2014,74.482857,74.704285,73.91143,74.239998,66.746498,92570100
2/10/2014,74.094284,75.998573,74,75.57,67.94223,86389800
2/11/2014,75.80143,76.821426,75.64286,76.565712,68.83744,70564200
2/12/2014,76.707146,77.080002,76.177139,76.559998,68.832306,77025200
2/13/2014,76.379997,77.835716,76.314285,77.775711,69.925316,76849500
2/14/2014,77.495712,77.997147,77.315712,77.71286,69.868805,68231100
2/18/2014,78,78.741432,77.944283,77.998573,70.125679,65062900
2/19/2014,77.821426,78.127144,76.335716,76.767143,69.018547,78442000
2/20/2014,76.141426,76.714287,75.571426,75.878571,68.219681,76464500
2/21/2014,76.112854,76.367142,74.942856,75.035713,67.461868,69696200
2/24/2014,74.735718,75.702858,74.631432,75.364288,67.757278,72227400
2/25/2014,75.625717,75.652855,74.428574,74.580002,67.05217,57988000
2/26/2014,74.80143,75,73.657143,73.907143,66.447235,69054300
2/27/2014,73.877144,75.540001,73.721428,75.381432,67.77269,75470500
2/28/2014,75.582855,76.10714,74.58857,75.177139,67.589027,92992200
3/3/2014,74.774284,75.807144,74.687141,75.394287,67.784248,59695300
3/4/2014,75.85714,76.091431,75.395714,75.891426,68.231224,64785000
3/5/2014,75.845711,76.39286,75.589996,76.05143,68.375069,50015700
3/6/2014,76.112854,76.348572,75.442856,75.821426,68.168274,46372200
3/7/2014,75.870003,75.997147,75.150002,75.777145,68.128456,55182400
3/10/2014,75.480003,76.190002,75.477142,75.845711,68.190117,44646000
3/11/2014,76.492859,76.96286,76.084282,76.584282,68.854141,69806100
3/12/2014,76.358574,76.764282,76,76.658569,68.920921,49831600
3/13/2014,76.777145,77.094284,75.594284,75.807144,68.155441,64435700
3/14/2014,75.541428,75.841431,74.714287,74.955711,67.389977,59299800
3/17/2014,75.385712,75.709999,75.121429,75.248573,67.653259,49886200
3/18/2014,75.128571,75.995712,75.028572,75.914284,68.25177,52411800
3/19/2014,76.03714,76.605713,75.571426,75.894287,68.233803,56189000
3/20/2014,75.69857,76.095711,75.335716,75.528572,67.905006,52099600
3/21/2014,75.989998,76.25,75.190002,76.124283,68.440552,93511600
3/24/2014,76.917145,77.214287,76.437141,77.027145,69.252289,88925200
3/25/2014,77.35714,77.964287,77.084282,77.855713,69.997231,70573300
3/26/2014,78.074287,78.428574,76.980003,77.111427,69.328056,74942000
3/27/2014,77.145714,77.35714,76.445717,76.779999,69.030113,55507900
3/28/2014,76.902855,76.991432,76.321426,76.694283,68.953056,50141000
3/31/2014,77.03286,77.258568,76.561432,76.677139,68.937645,42167300
4/1/2014,76.822861,77.410004,76.681427,77.378571,69.56826,50190000
4/2/2014,77.482857,77.639999,77.18,77.507141,69.683846,45105200
4/3/2014,77.341431,77.5,76.805717,76.970001,69.200912,40586000
4/4/2014,77.115715,77.14286,75.797142,75.974289,68.305725,68812800
4/7/2014,75.431427,75.842857,74.555717,74.781425,67.233276,72462600
4/8/2014,75.027145,75.160004,74.099998,74.777145,67.229416,60972100
4/9/2014,74.662857,75.784286,74.574287,75.760002,68.113075,51542400
4/10/2014,75.811432,76.034286,74.738571,74.78286,67.234543,59913000
4/11/2014,74.14286,74.690002,73.877144,74.230003,66.737495,67929400
4/14/2014,74.557144,74.594284,73.887146,74.525711,67.003365,51418500
4/15/2014,74.324287,74.519997,73.047142,73.994286,66.525581,66622500
4/16/2014,74.007141,74.441429,73.44857,74.144287,66.660431,53691400
4/17/2014,74.285713,75.394287,74.171425,74.991432,67.422073,71083600
4/21/2014,75.048569,76.019997,74.851425,75.881432,68.222229,45637200
4/22/2014,75.472855,75.975716,75.214287,75.957146,68.290314,50640800
4/23/2014,75.580002,75.875717,74.921425,74.964287,67.397652,98735000
4/24/2014,81.172859,81.428574,80.104286,81.110001,72.923035,189977900
4/25/2014,80.647141,81.71286,80.565712,81.705711,73.458626,97568800
4/28/2014,81.828575,85.10714,81.792854,84.870003,76.303528,167371400
4/29/2014,84.82,85.139999,84.215714,84.618568,76.077469,84344400
4/30/2014,84.662857,85.632858,84.257141,84.298569,75.78978,114160200
5/1/2014,84.571426,84.971428,83.765717,84.497147,75.96833,61012000
5/2/2014,84.620003,84.885712,84.244286,84.654289,76.109573,47878600
5/5/2014,84.305717,85.85714,84.285713,85.851425,77.185883,71766800
5/6/2014,85.971428,86.344284,84.915718,84.915718,76.344643,93641100
5/7/2014,85.035713,85.327141,83.961426,84.618568,76.077469,70716100
5/8/2014,84.035713,84.915718,83.771431,83.998573,75.941864,57574300
5/9/2014,83.505714,83.75,82.904289,83.648575,75.625427,72899400
5/12/2014,83.927139,84.808571,83.914284,84.690002,76.566986,53302200
5/13/2014,84.571426,84.934288,84.385712,84.822861,76.687088,39934300
5/14/2014,84.632858,85.342857,84.534286,84.83857,76.701286,41601000
5/15/2014,84.957146,85.228569,84.005714,84.117142,76.049042,57711500
5/16/2014,84.089996,85.361427,83.628571,85.358574,77.17144,69064100
5/19/2014,85.407143,86.761429,85.332855,86.370003,78.085861,79438800
5/20/2014,86.358574,86.628571,85.818573,86.387146,78.101318,58709000
5/21/2014,86.261429,86.671425,86.008568,86.615715,78.307983,49214900
5/22/2014,86.657143,87.121429,86.300003,86.752853,78.431961,50190000
5/23/2014,86.75,87.818573,86.638573,87.732857,79.317978,58052400
5/27/2014,87.982857,89.408569,87.947144,89.375717,80.803261,87216500
5/28/2014,89.431427,89.975716,89.111427,89.144287,80.594025,78870400
5/29/2014,89.692856,90.98143,89.681427,90.76857,82.062523,94118500
5/30/2014,91.139999,92.024284,89.842857,90.428574,81.755142,141005200
6/2/2014,90.565712,90.690002,88.928574,89.807144,81.193321,92337700
6/3/2014,89.779999,91.248573,89.75,91.077141,82.341492,73177300
6/4/2014,91.062859,92.555717,90.872856,92.117142,83.281761,83870500
6/5/2014,92.314285,92.767143,91.80143,92.478569,83.608528,75951400
6/6/2014,92.842857,93.03714,92.067146,92.224289,83.378609,87484600
6/9/2014,92.699997,93.879997,91.75,93.699997,84.712776,75415000
6/10/2014,94.730003,95.050003,93.57,94.25,85.210014,62777000
6/11/2014,94.129997,94.760002,93.470001,93.860001,84.85743,45681000
6/12/2014,94.040001,94.120003,91.900002,92.290001,83.438034,54749000
6/13/2014,92.199997,92.440002,90.879997,91.279999,82.524895,54525000
6/16/2014,91.510002,92.75,91.449997,92.199997,83.356644,35561000
6/17/2014,92.309998,92.699997,91.800003,92.080002,83.248161,29726000
6/18/2014,92.269997,92.290001,91.349998,92.18,83.338585,33514000
6/19/2014,92.290001,92.300003,91.339996,91.860001,83.049271,35528000
6/20/2014,91.849998,92.550003,90.900002,90.910004,82.190399,100898000
6/23/2014,91.32,91.620003,90.599998,90.830002,82.118065,43694000
6/24/2014,90.75,91.739998,90.190002,90.279999,81.620804,39036000
6/25/2014,90.209999,90.699997,89.650002,90.360001,81.69313,36869000
6/26/2014,90.370003,91.050003,89.800003,90.900002,82.181358,32629000
6/27/2014,90.82,92,90.769997,91.980003,83.157768,64029000
6/30/2014,92.099998,93.730003,92.089996,92.93,84.016647,49482300
7/1/2014,93.519997,94.07,93.129997,93.519997,84.550034,38223000
7/2/2014,93.870003,94.059998,93.089996,93.480003,84.513885,28465000
7/3/2014,93.669998,94.099998,93.199997,94.029999,85.011116,22891800
7/7/2014,94.139999,95.989998,94.099998,95.970001,86.765053,56468000
7/8/2014,96.269997,96.800003,93.919998,95.349998,86.204521,65222000
7/9/2014,95.440002,95.949997,94.760002,95.389999,86.240677,36436000
7/10/2014,93.760002,95.550003,93.519997,95.040001,85.924271,39686000
7/11/2014,95.360001,95.889999,94.860001,95.220001,86.086998,34018000
7/14/2014,95.860001,96.889999,95.650002,96.449997,87.199005,42810000
7/15/2014,96.800003,96.849998,95.029999,95.32,86.177406,45477900
7/16/2014,96.970001,97.099998,94.739998,94.779999,85.689194,53396300
7/17/2014,95.029999,95.279999,92.57,93.089996,84.161293,57298000
7/18/2014,93.620003,94.739998,93.019997,94.43,85.372757,49988000
7/21/2014,94.989998,95,93.720001,93.940002,84.929779,39079000
7/22/2014,94.68,94.889999,94.120003,94.720001,85.634956,55197000
7/23/2014,95.419998,97.879997,95.169998,97.190002,87.868057,92918000
7/24/2014,97.040001,97.32,96.419998,97.029999,87.723373,45729000
7/25/2014,96.849998,97.839996,96.639999,97.669998,88.301987,43469000
7/28/2014,97.82,99.239998,97.550003,99.019997,89.522507,55318000
7/29/2014,99.330002,99.440002,98.25,98.379997,88.943916,43143000
7/30/2014,98.440002,98.699997,97.669998,98.150002,88.735962,33010000
7/31/2014,97.160004,97.449997,95.330002,95.599998,86.43055,56843000
8/1/2014,94.900002,96.620003,94.809998,96.129997,86.909714,48511000
8/4/2014,96.370003,96.580002,95.169998,95.589996,86.421494,39958000
8/5/2014,95.360001,95.68,94.360001,95.120003,85.996597,55933000
8/6/2014,94.75,95.480003,94.709999,94.959999,85.851921,38558000
8/7/2014,94.93,95.949997,94.099998,94.480003,85.842827,46711000
8/8/2014,94.260002,94.82,93.279999,94.739998,86.079079,41865000
8/11/2014,95.269997,96.080002,94.839996,95.989998,87.214798,36585000
8/12/2014,96.040001,96.879997,95.610001,95.970001,87.196617,33795000
8/13/2014,96.150002,97.239998,96.040001,97.239998,88.350533,31916000
8/14/2014,97.330002,97.57,96.800003,97.5,88.586761,28116000
8/15/2014,97.900002,98.190002,96.860001,97.980003,89.022903,48951000
8/18/2014,98.489998,99.370003,97.980003,99.160004,90.095024,47572000
8/19/2014,99.410004,100.68,99.32,100.529999,91.33976,69399000
8/20/2014,100.440002,101.089996,99.949997,100.57,91.376114,52699000
8/21/2014,100.57,100.940002,100.110001,100.580002,91.385193,33478000
8/22/2014,100.290001,101.470001,100.190002,101.32,92.057549,44184000
8/25/2014,101.790001,102.169998,101.279999,101.540001,92.257446,40270000
8/26/2014,101.419998,101.5,100.860001,100.889999,91.66684,33152000
8/27/2014,101.019997,102.57,100.699997,102.129997,92.793495,52369000
8/28/2014,101.589996,102.779999,101.559998,102.25,92.902527,68460000
8/29/2014,102.860001,102.900002,102.199997,102.5,93.129669,44595000
9/2/2014,103.059998,103.739998,102.720001,103.300003,93.85656,53564000
9/3/2014,103.099998,103.199997,98.580002,98.940002,89.895134,125421000
9/4/2014,98.849998,100.089996,97.790001,98.120003,89.150085,85718000
9/5/2014,98.800003,99.389999,98.309998,98.970001,89.922386,58457000
9/8/2014,99.300003,99.309998,98.050003,98.360001,89.368134,46356700
9/9/2014,99.080002,103.080002,96.139999,97.989998,89.031967,189846300
9/10/2014,98.010002,101.110001,97.760002,101,91.766808,100869600
9/11/2014,100.410004,101.440002,99.620003,101.43,92.157471,62353100
9/12/2014,101.209999,102.190002,101.080002,101.660004,92.366486,62626100
9/15/2014,102.809998,103.050003,101.440002,101.629997,92.339211,61316500
9/16/2014,99.800003,101.260002,98.889999,100.860001,91.639603,66908100
9/17/2014,101.269997,101.800003,100.589996,101.580002,92.293785,60926500
9/18/2014,101.93,102.349998,101.559998,101.790001,92.484581,37299400
9/19/2014,102.290001,102.349998,100.5,100.959999,91.730469,70902400
9/22/2014,101.800003,102.139999,100.580002,101.059998,91.821304,52788400
9/23/2014,100.599998,102.940002,100.540001,102.639999,93.256874,63402200
9/24/2014,102.160004,102.849998,101.199997,101.75,92.448242,60171800
9/25/2014,100.510002,100.709999,97.720001,97.870003,88.922958,100092000
9/26/2014,98.529999,100.75,98.400002,100.75,91.53968,62370500
9/29/2014,98.650002,100.440002,98.629997,100.110001,90.95816,49766300
9/30/2014,100.809998,101.540001,100.529999,100.75,91.53968,55264100
10/1/2014,100.589996,100.690002,98.699997,99.18,90.113167,51491300
10/2/2014,99.269997,100.220001,98.040001,99.900002,90.767372,47757800
10/3/2014,99.440002,100.209999,99.040001,99.620003,90.512955,43469600
10/6/2014,99.949997,100.650002,99.419998,99.620003,90.512955,37051200
10/7/2014,99.43,100.120003,98.730003,98.75,89.722481,42094200
10/8/2014,98.760002,101.110001,98.309998,100.800003,91.585068,57404700
10/9/2014,101.540001,102.379997,100.610001,101.019997,91.784966,77376500
10/10/2014,100.690002,102.029999,100.300003,100.730003,91.521469,66331600
10/13/2014,101.330002,101.779999,99.809998,99.809998,90.685585,53583400
10/14/2014,100.389999,100.519997,98.57,98.75,89.722481,63688600
10/15/2014,97.970001,99.150002,95.18,97.540001,88.6231,100933600
10/16/2014,95.550003,97.720001,95.410004,96.260002,87.460114,72154500
10/17/2014,97.5,99,96.809998,97.669998,88.741211,68179700
10/20/2014,98.32,99.959999,98.220001,99.760002,90.640167,77517300
10/21/2014,103.019997,103.019997,101.269997,102.470001,93.102417,94623900
10/22/2014,102.839996,104.110001,102.599998,102.989998,93.574875,68263100
10/23/2014,104.080002,105.050003,103.629997,104.830002,95.246681,71074700
10/24/2014,105.18,105.489998,104.529999,105.220001,95.601021,47053900
10/27/2014,104.849998,105.480003,104.699997,105.110001,95.501068,34187700
10/28/2014,105.400002,106.739998,105.349998,106.739998,96.98204,48060900
10/29/2014,106.650002,107.370003,106.360001,107.339996,97.527191,52687900
10/30/2014,106.959999,107.349998,105.900002,106.980003,97.200127,40654800
10/31/2014,108.010002,108.040001,107.209999,108,98.126854,44639300
11/3/2014,108.220001,110.300003,108.010002,109.400002,99.398888,52282600
11/4/2014,109.360001,109.489998,107.720001,108.599998,98.672043,41574400
11/5/2014,109.099998,109.300003,108.129997,108.860001,98.908249,37435900
11/6/2014,108.599998,108.790001,107.800003,108.699997,99.191124,34968500
11/7/2014,108.75,109.32,108.550003,109.010002,99.474014,33691500
11/10/2014,109.019997,109.330002,108.669998,108.830002,99.309769,27195500
11/11/2014,108.699997,109.75,108.400002,109.699997,100.103653,27442300
11/12/2014,109.379997,111.43,109.370003,111.25,101.518051,46942400
11/13/2014,111.800003,113.449997,111.599998,112.82,102.950714,59522900
11/14/2014,113.150002,114.190002,111.209999,114.18,104.191765,44063600
11/17/2014,114.269997,117.279999,113.300003,113.989998,104.018387,46746700
11/18/2014,113.940002,115.690002,113.889999,115.470001,105.368912,44224000
11/19/2014,115.440002,115.739998,113.800003,114.669998,104.638901,41869200
11/20/2014,114.910004,116.860001,114.849998,116.309998,106.135429,43395500
11/21/2014,117.510002,117.57,116.029999,116.470001,106.281441,57179300
11/24/2014,116.849998,118.769997,116.620003,118.629997,108.25248,47450800
11/25/2014,119.07,119.75,117.449997,117.599998,107.312576,68840400
11/26/2014,117.940002,119.099998,117.830002,119,108.590118,40768300
11/28/2014,119.269997,119.400002,118.050003,118.93,108.526222,24814400
12/1/2014,118.809998,119.25,111.269997,115.07,105.003899,83814000
12/2/2014,113.5,115.75,112.75,114.629997,104.602379,59348900
12/3/2014,115.75,116.349998,115.110001,115.93,105.788673,43063400
12/4/2014,115.769997,117.199997,115.290001,115.489998,105.387161,42044500
12/5/2014,115.989998,116.080002,114.639999,115,104.94001,38318900
12/8/2014,114.099998,114.650002,111.620003,112.400002,102.567482,57664900
12/9/2014,110.190002,114.300003,109.349998,114.120003,104.137001,60208000
12/10/2014,114.410004,114.849998,111.540001,111.949997,102.15683,44565300
12/11/2014,112.260002,113.800003,111.339996,111.620003,101.855705,41401700
12/12/2014,110.459999,111.870003,109.580002,109.730003,100.131035,56028100
12/15/2014,110.699997,111.599998,106.349998,108.230003,98.76226,67218100
12/16/2014,106.370003,110.160004,106.260002,106.75,97.411713,60790700
12/17/2014,107.120003,109.839996,106.82,109.410004,99.839035,53411800
12/18/2014,111.870003,112.650002,110.660004,112.650002,102.795593,59006200
12/19/2014,112.260002,113.239998,111.660004,111.779999,102.001709,88429800
12/22/2014,112.160004,113.489998,111.970001,112.940002,103.060234,45167500
12/23/2014,113.230003,113.330002,112.459999,112.540001,102.695244,26028400
12/24/2014,112.580002,112.709999,112.010002,112.010002,102.211563,14479600
12/26/2014,112.099998,114.519997,112.010002,113.989998,104.018387,33721000
12/29/2014,113.790001,114.769997,113.699997,113.910004,103.945374,27598900
12/30/2014,113.639999,113.919998,112.110001,112.519997,102.676979,29881500
12/31/2014,112.82,113.129997,110.209999,110.379997,100.724174,41403400
1/2/2015,111.389999,111.440002,107.349998,109.330002,99.766006,53204600
1/5/2015,108.290001,108.650002,105.410004,106.25,96.955429,64285500
1/6/2015,106.540001,107.43,104.629997,106.260002,96.964584,65797100
1/7/2015,107.199997,108.199997,106.699997,107.75,98.324242,40105900
1/8/2015,109.230003,112.150002,108.699997,111.889999,102.102089,59364500
1/9/2015,112.669998,113.25,110.209999,112.010002,102.211563,53699500
1/12/2015,112.599998,112.629997,108.800003,109.25,99.693008,49650800
1/13/2015,111.43,112.800003,108.910004,110.220001,100.578171,67091900
1/14/2015,109.040001,110.489998,108.5,109.800003,100.194923,48956600
1/15/2015,110,110.059998,106.660004,106.82,97.475563,60014000
1/16/2015,107.029999,107.580002,105.199997,105.989998,96.718193,78513300
1/20/2015,107.839996,108.970001,106.5,108.720001,99.209412,49899900
1/21/2015,108.949997,111.059998,108.269997,109.550003,99.966774,48575900
1/22/2015,110.260002,112.470001,109.720001,112.400002,102.567482,53796400
1/23/2015,112.300003,113.75,111.529999,112.980003,103.096718,46464800
1/26/2015,113.739998,114.360001,112.800003,113.099998,103.206223,55615000
1/27/2015,112.419998,112.480003,109.029999,109.139999,99.592651,95568700
1/28/2015,117.629997,118.120003,115.309998,115.309998,105.222908,146477100
1/29/2015,116.32,119.190002,115.559998,118.900002,108.498863,84436400
1/30/2015,118.400002,120,116.849998,117.160004,106.911079,83745500
2/2/2015,118.050003,119.169998,116.080002,118.629997,108.25248,62739100
2/3/2015,118.5,119.089996,117.610001,118.650002,108.270729,51915700
2/4/2015,118.5,120.510002,118.309998,119.559998,109.101135,70149700
2/5/2015,120.019997,120.230003,119.25,119.940002,109.879822,42246200
2/6/2015,120.019997,120.25,118.449997,118.93,108.954536,43706600
2/9/2015,118.550003,119.839996,118.43,119.720001,109.678268,38889800
2/10/2015,120.169998,122.150002,120.160004,122.019997,111.785355,62008500
2/11/2015,122.769997,124.919998,122.5,124.879997,114.405487,73561800
2/12/2015,126.059998,127.480003,125.57,126.459999,115.852966,74474500
2/13/2015,127.279999,127.279999,125.650002,127.080002,116.420959,54272200
2/17/2015,127.489998,128.880005,126.919998,127.830002,117.108047,63152400
2/18/2015,127.629997,128.779999,127.449997,128.720001,117.923401,44891700
2/19/2015,128.479996,129.029999,128.330002,128.449997,117.676033,37362400
2/20/2015,128.619995,129.5,128.050003,129.5,118.63797,48948400
2/23/2015,130.020004,133,129.660004,133,121.844398,70974100
2/24/2015,132.940002,133.600006,131.169998,132.169998,121.084,69228100
2/25/2015,131.559998,131.600006,128.149994,128.789993,117.987526,74711700
2/26/2015,128.789993,130.869995,126.610001,130.419998,119.480812,91287500
2/27/2015,130,130.570007,128.240005,128.460007,117.685204,62014800
3/2/2015,129.25,130.279999,128.300003,129.089996,118.262352,48096700
3/3/2015,128.960007,129.520004,128.089996,129.360001,118.509705,37816300
3/4/2015,129.100006,129.559998,128.320007,128.539993,117.758484,31666300
3/5/2015,128.580002,128.75,125.760002,126.410004,115.807144,56517100
3/6/2015,128.399994,129.369995,126.260002,126.599998,115.981216,72842100
3/9/2015,127.959999,129.570007,125.059998,127.139999,116.475922,88528500
3/10/2015,126.410004,127.220001,123.800003,124.510002,114.066513,68856600
3/11/2015,124.75,124.769997,122.110001,122.239998,111.986923,68939000
3/12/2015,122.309998,124.900002,121.629997,124.449997,114.011536,48362700
3/13/2015,124.400002,125.400002,122.580002,123.589996,113.223663,51827300
3/16/2015,123.879997,124.949997,122.870003,124.949997,114.469604,35874300
3/17/2015,125.900002,127.32,125.650002,127.040001,116.3843,51023100
3/18/2015,127,129.160004,126.370003,128.470001,117.694351,65270900
3/19/2015,128.75,129.25,127.400002,127.5,116.805733,45809500
3/20/2015,128.25,128.399994,125.160004,125.900002,115.339943,68695100
3/23/2015,127.120003,127.849998,126.519997,127.209999,116.540031,37709700
3/24/2015,127.230003,128.039993,126.559998,126.690002,116.06366,32842300
3/25/2015,126.540001,126.82,123.379997,123.379997,113.031303,51655200
3/26/2015,122.760002,124.879997,122.599998,124.239998,113.819153,47572900
3/27/2015,124.57,124.699997,122.910004,123.25,112.912201,39546200
3/30/2015,124.050003,126.400002,124,126.370003,115.770508,47099700
3/31/2015,126.089996,126.489998,124.360001,124.43,113.993217,42090600
4/1/2015,124.82,125.120003,123.099998,124.25,113.828323,40621400
4/2/2015,125.029999,125.559998,124.190002,125.32,114.808571,32220100
4/6/2015,124.470001,127.510002,124.330002,127.349998,116.668289,37194000
4/7/2015,127.639999,128.119995,125.980003,126.010002,115.440712,35012300
4/8/2015,125.849998,126.400002,124.970001,125.599998,115.065086,37329200
4/9/2015,125.849998,126.580002,124.660004,126.559998,115.944565,32484000
4/10/2015,125.949997,127.209999,125.260002,127.099998,116.439262,40188000
4/13/2015,128.369995,128.570007,126.610001,126.849998,116.210243,36365100
4/14/2015,127,127.290001,125.910004,126.300003,115.706367,25524600
4/15/2015,126.410004,127.129997,126.010002,126.779999,116.146111,28970400
4/16/2015,126.279999,127.099998,126.110001,126.169998,115.58728,28369000
4/17/2015,125.550003,126.139999,124.459999,124.75,114.286377,51957000
4/20/2015,125.57,128.119995,125.169998,127.599998,116.897331,47054300
4/21/2015,128.100006,128.199997,126.669998,126.910004,116.265213,32435100
4/22/2015,126.989998,128.869995,126.32,128.619995,117.831787,37654500
4/23/2015,128.300003,130.419998,128.139999,129.669998,118.793732,45770900
4/24/2015,130.490005,130.630005,129.229996,130.279999,119.352554,44525900
4/27/2015,132.309998,133.130005,131.149994,132.649994,121.523735,96954200
4/28/2015,134.460007,134.539993,129.570007,130.559998,119.609047,118924000
4/29/2015,130.160004,131.589996,128.300003,128.639999,117.850105,63386100
4/30/2015,128.639999,128.639999,124.580002,125.150002,114.65284,83195400
5/1/2015,126.099998,130.130005,125.300003,128.949997,118.134094,58512600
5/4/2015,129.5,130.570007,128.259995,128.699997,117.90506,50988300
5/5/2015,128.149994,128.449997,125.779999,125.800003,115.248314,49271400
5/6/2015,126.559998,126.75,123.360001,125.010002,114.524582,72141000
5/7/2015,124.769997,126.080002,124.019997,125.260002,115.232941,43940900
5/8/2015,126.68,127.620003,126.110001,127.620003,117.404037,55550400
5/11/2015,127.389999,127.559998,125.629997,126.32,116.208099,42035800
5/12/2015,125.599998,126.879997,124.82,125.870003,115.794113,48160000
5/13/2015,126.150002,127.190002,125.870003,126.010002,115.922905,34694200
5/14/2015,127.410004,128.949997,127.160004,128.949997,118.627556,45203500
5/15/2015,129.070007,129.490005,128.210007,128.770004,118.461967,38208000
5/18/2015,128.380005,130.720001,128.360001,130.190002,119.76828,50882900
5/19/2015,130.690002,130.880005,129.639999,130.070007,119.657898,44633200
5/20/2015,130,130.979996,129.339996,130.059998,119.648712,36454900
5/21/2015,130.070007,131.630005,129.830002,131.389999,120.872238,39730400
5/22/2015,131.600006,132.970001,131.399994,132.539993,121.930191,45596000
5/26/2015,132.600006,132.910004,129.119995,129.619995,119.243912,70697600
5/27/2015,130.339996,132.259995,130.050003,132.039993,121.470222,45833200
5/28/2015,131.860001,131.949997,131.100006,131.779999,121.231003,30733300
5/29/2015,131.229996,131.449997,129.899994,130.279999,119.851089,50884500
6/1/2015,130.279999,131.389999,130.050003,130.539993,120.090279,32112800
6/2/2015,129.860001,130.660004,129.320007,129.960007,119.556694,33667600
6/3/2015,130.660004,130.940002,129.899994,130.119995,119.703903,30983500
6/4/2015,129.580002,130.580002,128.910004,129.360001,119.00473,38450100
6/5/2015,129.5,129.690002,128.360001,128.649994,118.351563,35626800
6/8/2015,128.899994,129.210007,126.830002,127.800003,117.569611,52674800
6/9/2015,126.699997,128.080002,125.620003,127.419998,117.220032,56075400
6/10/2015,127.919998,129.339996,127.849998,128.880005,118.563141,39087300
6/11/2015,129.179993,130.179993,128.479996,128.589996,118.296387,35390900
6/12/2015,128.190002,128.330002,127.110001,127.169998,116.990044,36886200
6/15/2015,126.099998,127.239998,125.709999,126.919998,116.760063,43988900
6/16/2015,127.029999,127.849998,126.370003,127.599998,117.38562,31494100
6/17/2015,127.720001,127.879997,126.739998,127.300003,117.109634,32918100
6/18/2015,127.230003,128.309998,127.220001,127.879997,117.643196,35407200
6/19/2015,127.709999,127.82,126.400002,126.599998,116.465683,54716900
6/22/2015,127.489998,128.059998,127.080002,127.610001,117.394821,34039300
6/23/2015,127.480003,127.610001,126.879997,127.029999,116.861244,30268900
6/24/2015,127.209999,129.800003,127.120003,128.110001,117.85482,55280900
6/25/2015,128.860001,129.199997,127.5,127.5,117.29364,31938100
6/26/2015,127.669998,127.989998,126.510002,126.75,116.603653,44066800
6/29/2015,125.459999,126.470001,124.480003,124.529999,114.561371,49161400
6/30/2015,125.57,126.120003,124.860001,125.43,115.389328,44370700
7/1/2015,126.900002,126.940002,125.989998,126.599998,116.465683,30238800
7/2/2015,126.43,126.690002,125.769997,126.440002,116.318474,27211000
7/6/2015,124.940002,126.230003,124.849998,126,115.913704,28060400
7/7/2015,125.889999,126.150002,123.769997,125.690002,115.628525,46946800
7/8/2015,124.480003,124.639999,122.540001,122.57,112.758286,60761600
7/9/2015,123.849998,124.059998,119.220001,120.07,110.458405,78595000
7/10/2015,121.940002,123.849998,121.209999,123.279999,113.41143,61354500
7/13/2015,125.029999,125.760002,124.32,125.660004,115.600922,41440500
7/14/2015,126.040001,126.370003,125.040001,125.610001,115.554909,31768100
7/15/2015,125.720001,127.150002,125.580002,126.82,116.66806,33649200
7/16/2015,127.739998,128.570007,127.349998,128.509995,118.222786,36222400
7/17/2015,129.080002,129.619995,128.309998,129.619995,119.243912,46164700
7/20/2015,130.970001,132.970001,130.699997,132.070007,121.497826,58900200
7/21/2015,132.850006,132.919998,130.320007,130.75,120.283463,76756400
7/22/2015,121.989998,125.5,121.989998,125.220001,115.196144,115450600
7/23/2015,126.199997,127.089996,125.059998,125.160004,115.14093,50999500
7/24/2015,125.32,125.739998,123.900002,124.5,114.533791,42162300
7/27/2015,123.089996,123.610001,122.120003,122.769997,112.942253,44455500
7/28/2015,123.379997,123.910004,122.550003,123.379997,113.503433,33618100
7/29/2015,123.150002,123.5,122.269997,122.989998,113.144638,37011700
7/30/2015,122.32,122.57,121.709999,122.370003,112.574303,33628300
7/31/2015,122.599998,122.639999,120.910004,121.300003,111.589928,42885000
8/3/2015,121.5,122.57,117.519997,118.440002,108.958878,69976000
8/4/2015,117.419998,117.699997,113.25,114.639999,105.463081,124138600
8/5/2015,112.949997,117.440002,112.099998,115.400002,106.162231,99312600
8/6/2015,115.970001,116.5,114.120003,115.129997,106.393257,52903000
8/7/2015,114.580002,116.25,114.5,115.519997,106.753654,38670400
8/10/2015,116.529999,119.989998,116.529999,119.720001,110.634941,54951600
8/11/2015,117.809998,118.18,113.330002,113.489998,104.877724,97082800
8/12/2015,112.529999,115.419998,109.629997,115.239998,106.494896,101217500
8/13/2015,116.040001,116.400002,114.540001,115.150002,106.411743,48535800
8/14/2015,114.32,116.309998,114.010002,115.959999,107.160263,42929500
8/17/2015,116.040001,117.650002,115.5,117.160004,108.269211,40884700
8/18/2015,116.43,117.440002,116.010002,116.5,107.659302,34560700
8/19/2015,116.099998,116.519997,114.68,115.010002,106.282379,48286500
8/20/2015,114.080002,114.349998,111.629997,112.650002,104.101456,68501600
8/21/2015,110.43,111.900002,105.650002,105.760002,97.734299,128275500
8/24/2015,94.870003,108.800003,92,103.120003,95.294647,162206300
8/25/2015,111.110001,111.110001,103.5,103.739998,95.867607,103601600
8/26/2015,107.089996,109.889999,105.050003,109.690002,101.366074,96774600
8/27/2015,112.230003,113.239998,110.019997,112.919998,104.350983,84616100
8/28/2015,112.169998,113.309998,111.540001,113.290001,104.692871,53164400
8/31/2015,112.029999,114.529999,112,112.760002,104.20311,56229300
9/1/2015,110.150002,111.879997,107.360001,107.720001,99.54557,76845900
9/2/2015,110.230003,112.339996,109.129997,112.339996,103.81498,61888800
9/3/2015,112.489998,112.779999,110.040001,110.370003,101.994484,53233900
9/4/2015,108.970001,110.449997,108.510002,109.269997,100.977966,49996300
9/8/2015,111.75,112.559998,110.32,112.309998,103.787254,54843600
9/9/2015,113.760002,114.019997,109.769997,110.150002,101.791168,85010800
9/10/2015,110.269997,113.279999,109.900002,112.57,104.027512,62892800
9/11/2015,111.790001,114.209999,111.760002,114.209999,105.543083,49915500
9/14/2015,116.580002,116.889999,114.860001,115.309998,106.559593,58363400
9/15/2015,115.93,116.529999,114.419998,116.279999,107.455994,43341200
9/16/2015,116.25,116.540001,115.440002,116.410004,107.576134,37173500
9/17/2015,115.660004,116.489998,113.720001,113.919998,105.275085,64112600
9/18/2015,112.209999,114.300003,111.870003,113.449997,104.840744,74285300
9/21/2015,113.669998,115.370003,113.660004,115.209999,106.467194,50222000
9/22/2015,113.379997,114.18,112.519997,113.400002,104.794556,50346200
9/23/2015,113.629997,114.720001,113.300003,114.32,105.644722,35756700
9/24/2015,113.25,115.5,112.370003,115,106.273109,50219500
9/25/2015,116.440002,116.690002,114.019997,114.709999,106.005119,56151900
9/28/2015,113.849998,114.57,112.440002,112.440002,103.907394,52109000
9/29/2015,112.830002,113.510002,107.860001,109.059998,100.78389,73365400
9/30/2015,110.169998,111.540001,108.730003,110.300003,101.929794,66473000
10/1/2015,109.07,109.620003,107.309998,109.580002,101.264427,63929100
10/2/2015,108.010002,111.010002,107.550003,110.379997,102.003716,58019800
10/5/2015,109.879997,111.370003,109.07,110.779999,102.373367,52064700
10/6/2015,110.629997,111.739998,109.769997,111.309998,102.863136,48196800
10/7/2015,111.739998,111.769997,109.410004,110.779999,102.373367,46765600
10/8/2015,110.190002,110.190002,108.209999,109.5,101.190491,61979600
10/9/2015,110,112.279999,109.489998,112.120003,103.611687,52766100
10/12/2015,112.730003,112.75,111.440002,111.599998,103.131142,30467200
10/13/2015,110.82,112.449997,110.68,111.790001,103.306717,33049300
10/14/2015,111.290001,111.519997,109.559998,110.209999,101.846626,44462400
10/15/2015,110.93,112.099998,110.489998,111.860001,103.371414,37673500
10/16/2015,111.779999,112,110.529999,111.040001,102.613632,39232600
10/19/2015,110.800003,111.75,110.110001,111.730003,103.251282,29759200
10/20/2015,111.339996,114.169998,110.82,113.769997,105.136467,48967800
10/21/2015,114,115.580002,113.699997,113.760002,105.127235,41795200
10/22/2015,114.330002,115.5,114.099998,115.5,106.735191,41654100
10/23/2015,116.699997,119.230003,116.330002,119.080002,110.04351,59366900
10/26/2015,118.080002,118.129997,114.919998,115.279999,106.531876,66333800
10/27/2015,115.400002,116.540001,113.989998,114.550003,105.857277,69884400
10/28/2015,116.93,119.300003,116.059998,119.269997,110.219093,85551400
10/29/2015,118.699997,120.690002,118.269997,120.529999,111.383469,51227300
10/30/2015,120.989998,121.220001,119.449997,119.5,110.431648,49365300
11/2/2015,120.800003,121.360001,119.610001,121.18,111.984161,32203300
11/3/2015,120.790001,123.489998,120.699997,122.57,113.268661,45519000
11/4/2015,123.129997,123.82,121.620003,122,112.74192,44886100
11/5/2015,121.849998,122.690002,120.18,120.919998,112.222191,39552700
11/6/2015,121.110001,121.809998,120.620003,121.059998,112.352112,33042300
11/9/2015,120.959999,121.809998,120.050003,120.57,111.897385,33871400
11/10/2015,116.900002,118.07,116.059998,116.769997,108.370689,59127900
11/11/2015,116.370003,117.419998,115.209999,116.110001,107.758179,45218000
11/12/2015,116.260002,116.82,115.650002,115.720001,107.396225,32525600
11/13/2015,115.199997,115.57,112.269997,112.339996,104.259354,45812400
11/16/2015,111.379997,114.239998,111,114.18,105.967026,38106700
11/17/2015,114.919998,115.050003,113.32,113.690002,105.51226,27616900
11/18/2015,115.760002,117.489998,115.5,117.290001,108.853294,46674700
11/19/2015,117.639999,119.75,116.760002,118.779999,110.236122,43295800
11/20/2015,119.199997,119.919998,118.849998,119.300003,110.718719,34287100
11/23/2015,119.269997,119.730003,117.339996,117.75,109.280228,32482500
11/24/2015,117.330002,119.349998,117.120003,118.879997,110.328941,42803200
11/25/2015,119.209999,119.230003,117.919998,118.029999,109.54007,21388300
11/27/2015,118.290001,118.410004,117.599998,117.809998,109.335907,13046400
11/30/2015,117.989998,119.410004,117.75,118.300003,109.790665,39180300
12/1/2015,118.75,118.809998,116.860001,117.339996,108.899689,34852400
12/2/2015,117.339996,118.110001,116.080002,116.279999,107.915955,33386600
12/3/2015,116.550003,116.790001,114.220001,115.199997,106.913643,41569500
12/4/2015,115.290001,119.25,115.110001,119.029999,110.468147,57777000
12/7/2015,118.980003,119.860001,117.809998,118.279999,109.772102,32084200
12/8/2015,117.519997,118.599998,116.860001,118.230003,109.725693,34309500
12/9/2015,117.639999,117.690002,115.080002,115.620003,107.303421,46361400
12/10/2015,116.040001,116.940002,115.510002,116.169998,107.813866,29212700
12/11/2015,115.190002,115.389999,112.849998,113.18,105.03894,46886200
12/14/2015,112.18,112.68,109.790001,112.480003,104.38929,64318700
12/15/2015,111.940002,112.800003,110.349998,110.489998,102.54245,53323100
12/16/2015,111.07,111.989998,108.800003,111.339996,103.331291,56238500
12/17/2015,112.019997,112.25,108.980003,108.980003,101.141052,44772800
12/18/2015,108.910004,109.519997,105.809998,106.029999,98.403236,96453300
12/21/2015,107.279999,107.370003,105.57,107.330002,99.609726,47590600
12/22/2015,107.400002,107.720001,106.449997,107.230003,99.51693,32789400
12/23/2015,107.269997,108.849998,107.199997,108.610001,100.797646,32657400
12/24/2015,109,109,107.949997,108.029999,100.259377,13570400
12/28/2015,107.589996,107.690002,106.18,106.82,99.136421,26704200
12/29/2015,106.959999,109.43,106.860001,108.739998,100.918304,30931200
12/30/2015,108.580002,108.699997,107.18,107.32,99.600441,25213800
12/31/2015,107.010002,107.029999,104.82,105.260002,97.688629,40912300
1/4/2016,102.610001,105.370003,102,105.349998,97.772148,67649400
1/5/2016,105.75,105.849998,102.410004,102.709999,95.322052,55791000
1/6/2016,100.559998,102.370003,99.870003,100.699997,93.456642,68457400
1/7/2016,98.68,100.129997,96.43,96.449997,89.512329,81094400
1/8/2016,98.550003,99.110001,96.760002,96.959999,89.985634,70798000
1/11/2016,98.970001,99.059998,97.339996,98.529999,91.442703,49739400
1/12/2016,100.550003,100.690002,98.839996,99.959999,92.769859,49154200
1/13/2016,100.32,101.190002,97.300003,97.389999,90.384712,62439600
1/14/2016,97.959999,100.480003,95.739998,99.519997,92.361481,63170100
1/15/2016,96.199997,97.709999,95.360001,97.129997,90.143433,79833900
1/19/2016,98.410004,98.650002,95.5,96.660004,89.707237,53087700
1/20/2016,95.099998,98.190002,93.419998,96.790001,89.827881,72334400
1/21/2016,97.059998,97.879997,94.940002,96.300003,89.373123,52161500
1/22/2016,98.629997,101.459999,98.370003,101.419998,94.12484,65800500
1/25/2016,101.519997,101.529999,99.209999,99.440002,92.28727,51794500
1/26/2016,99.93,100.879997,98.07,99.989998,92.797707,75077000
1/27/2016,96.040001,96.629997,93.339996,93.419998,86.700294,133369700
1/28/2016,93.790001,94.519997,92.389999,94.089996,87.322075,55678800
1/29/2016,94.790001,97.339996,94.349998,97.339996,90.33831,64416500
2/1/2016,96.470001,96.709999,95.400002,96.43,89.493767,40943500
2/2/2016,95.419998,96.040001,94.279999,94.480003,87.684044,37357200
2/3/2016,95,96.839996,94.080002,96.349998,89.419548,45964300
2/4/2016,95.860001,97.330002,95.190002,96.599998,90.138016,46471700
2/5/2016,96.519997,96.919998,93.690002,94.019997,87.730598,46418100
2/8/2016,93.129997,95.699997,93.040001,95.010002,88.654388,54021400
2/9/2016,94.290001,95.940002,93.93,94.989998,88.635727,44331200
2/10/2016,95.919998,96.349998,94.099998,94.269997,87.963867,42343600
2/11/2016,93.790001,94.720001,92.589996,93.699997,87.431999,50074700
2/12/2016,94.190002,94.5,93.010002,93.989998,87.702599,40351400
2/16/2016,95.019997,96.849998,94.610001,96.639999,90.175346,49057900
2/17/2016,96.669998,98.209999,96.150002,98.120003,91.556351,44863200
2/18/2016,98.839996,98.889999,96.089996,96.260002,89.820747,39021000
2/19/2016,96,96.760002,95.800003,96.040001,89.615479,35374200
2/22/2016,96.309998,96.900002,95.919998,96.879997,90.399269,34280800
2/23/2016,96.400002,96.5,94.550003,94.690002,88.355766,31942600
2/24/2016,93.980003,96.379997,93.32,96.099998,89.671448,36255700
2/25/2016,96.050003,96.760002,95.25,96.760002,90.287315,27582700
2/26/2016,97.199997,98.019997,96.580002,96.910004,90.427277,28991100
2/29/2016,96.860001,98.230003,96.650002,96.690002,90.222015,35216300
3/1/2016,97.650002,100.769997,97.419998,100.529999,93.805122,50407100
3/2/2016,100.510002,100.889999,99.639999,100.75,94.010406,33169600
3/3/2016,100.580002,101.709999,100.449997,101.5,94.710243,36955700
3/4/2016,102.370003,103.75,101.370003,103.010002,96.119225,46055100
3/7/2016,102.389999,102.830002,100.959999,101.870003,95.055504,35828900
3/8/2016,100.779999,101.760002,100.400002,101.029999,94.271683,31561900
3/9/2016,101.309998,101.580002,100.269997,101.120003,94.355659,27201700
3/10/2016,101.410004,102.239998,100.150002,101.169998,94.402313,33513600
3/11/2016,102.239998,102.279999,101.5,102.260002,95.419395,27408200
3/14/2016,101.910004,102.910004,101.779999,102.519997,95.662003,25076100
3/15/2016,103.959999,105.18,103.849998,104.580002,97.584206,40067700
3/16/2016,104.610001,106.309998,104.589996,105.970001,98.881218,38303500
3/17/2016,105.519997,106.470001,104.959999,105.800003,98.72258,34420700
3/18/2016,106.339996,106.5,105.190002,105.919998,98.834564,44205200
3/21/2016,105.93,107.650002,105.139999,105.910004,98.825233,35502700
3/22/2016,105.25,107.290001,105.209999,106.720001,99.581047,32444400
3/23/2016,106.480003,107.07,105.900002,106.129997,99.03051,25703500
3/24/2016,105.470001,106.25,104.889999,105.669998,98.601288,26133000
3/28/2016,106,106.190002,105.059998,105.190002,98.153397,19411400
3/29/2016,104.889999,107.790001,104.879997,107.68,100.476837,31190100
3/30/2016,108.650002,110.419998,108.599998,109.559998,102.231064,45601100
3/31/2016,109.720001,109.900002,108.879997,108.989998,101.699196,25888400
4/1/2016,108.779999,110,108.199997,109.989998,102.632294,25874000
4/4/2016,110.419998,112.190002,110.269997,111.120003,103.686699,37356200
4/5/2016,109.510002,110.730003,109.419998,109.809998,102.464348,26578700
4/6/2016,110.230003,110.980003,109.199997,110.959999,103.537399,26404100
4/7/2016,109.949997,110.419998,108.120003,108.540001,101.279305,31801900
4/8/2016,108.910004,109.769997,108.169998,108.660004,101.391273,23581700
4/11/2016,108.970001,110.610001,108.830002,109.019997,101.72718,29407500
4/12/2016,109.339996,110.5,108.660004,110.440002,103.052185,27232300
4/13/2016,110.800003,112.339996,110.800003,112.040001,104.545166,33257300
4/14/2016,111.620003,112.389999,111.330002,112.099998,104.601151,25473900
4/15/2016,112.110001,112.300003,109.730003,109.849998,102.501671,46939000
4/18/2016,108.889999,108.949997,106.940002,107.480003,100.290207,60821500
4/19/2016,107.879997,108,106.230003,106.910004,99.758339,32384900
4/20/2016,106.639999,108.089996,106.059998,107.129997,99.963631,30611000
4/21/2016,106.93,106.93,105.519997,105.970001,98.881218,31552500
4/22/2016,105.010002,106.480003,104.620003,105.68,98.610611,33683100
4/25/2016,105,105.650002,104.510002,105.080002,98.050774,28031600
4/26/2016,103.910004,105.300003,103.910004,104.349998,97.369583,56016200
4/27/2016,96,98.709999,95.68,97.82,91.276405,114602100
4/28/2016,97.610001,97.879997,94.25,94.830002,88.486427,82242700
4/29/2016,93.989998,94.720001,92.510002,93.739998,87.469337,68531500
5/2/2016,93.970001,94.080002,92.400002,93.639999,87.376022,48160100
5/3/2016,94.199997,95.739998,93.68,95.18,88.813004,56831300
5/4/2016,95.199997,95.900002,93.82,94.190002,87.889236,41025500
5/5/2016,94,94.07,92.68,93.239998,87.532501,35890500
5/6/2016,93.370003,93.449997,91.849998,92.720001,87.044342,43699900
5/9/2016,93,93.769997,92.589996,92.790001,87.110031,32936400
5/10/2016,93.330002,93.57,92.110001,93.419998,87.701477,33686800
5/11/2016,93.480003,93.57,92.459999,92.510002,86.84716,28719100
5/12/2016,92.720001,92.779999,89.470001,90.339996,84.809998,76314700
5/13/2016,90,91.669998,90,90.519997,84.978996,44392800
5/16/2016,92.389999,94.389999,91.650002,93.879997,88.133316,61259800
5/17/2016,94.550003,94.699997,93.010002,93.489998,87.767189,46916900
5/18/2016,94.160004,95.209999,93.889999,94.559998,88.771683,42062400
5/19/2016,94.639999,94.639999,93.57,94.199997,88.433708,30442100
5/20/2016,94.639999,95.43,94.519997,95.220001,89.391281,32026000
5/23/2016,95.870003,97.190002,95.669998,96.43,90.527229,38018600
5/24/2016,97.220001,98.089996,96.839996,97.900002,91.907249,35140200
5/25/2016,98.669998,99.739998,98.110001,99.620003,93.52195,38168800
5/26/2016,99.68,100.730003,98.639999,100.410004,94.263596,56331200
5/27/2016,99.440002,100.470001,99.25,100.349998,94.20726,36341200
5/31/2016,99.599998,100.400002,98.82,99.860001,93.747269,42307200
6/1/2016,99.019997,99.540001,98.330002,98.459999,92.432938,29173300
6/2/2016,97.599998,97.839996,96.629997,97.720001,91.738266,40191600
6/3/2016,97.790001,98.269997,97.449997,97.919998,91.92601,28504900
6/6/2016,97.989998,101.889999,97.550003,98.629997,92.592552,23292500
6/7/2016,99.25,99.870003,98.959999,99.029999,92.968063,22409500
6/8/2016,99.019997,99.559998,98.68,98.940002,92.883568,20848100
6/9/2016,98.5,99.989998,98.459999,99.650002,93.550117,26601400
6/10/2016,98.529999,99.349998,98.480003,98.830002,92.780327,31712900
6/13/2016,98.690002,99.120003,97.099998,97.339996,91.381516,38020500
6/14/2016,97.32,98.480003,96.75,97.459999,91.494164,31931900
6/15/2016,97.82,98.410004,97.029999,97.139999,91.193764,29445200
6/16/2016,96.449997,97.75,96.07,97.550003,91.578682,31326800
6/17/2016,96.620003,96.650002,95.300003,95.330002,89.494545,61008200
6/20/2016,96,96.57,95.029999,95.099998,89.278648,34411900
6/21/2016,94.940002,96.349998,94.68,95.910004,90.039047,35546400
6/22/2016,96.25,96.889999,95.349998,95.550003,89.701096,29219100
6/23/2016,95.940002,96.290001,95.25,96.099998,90.217422,32240200
6/24/2016,92.910004,94.660004,92.650002,93.400002,87.682709,75311400
6/27/2016,93,93.050003,91.5,92.040001,86.405937,45489600
6/28/2016,92.900002,93.660004,92.139999,93.589996,87.861076,40444900
6/29/2016,93.970001,94.550003,93.629997,94.400002,88.621475,36531000
6/30/2016,94.440002,95.769997,94.300003,95.599998,89.748039,35836400
7/1/2016,95.489998,96.470001,95.330002,95.889999,90.020279,26026500
7/5/2016,95.389999,95.400002,94.459999,94.989998,89.175377,27705200
7/6/2016,94.599998,95.660004,94.370003,95.529999,89.68232,30949100
7/7/2016,95.699997,96.5,95.620003,95.940002,90.067223,25139600
7/8/2016,96.489998,96.889999,96.050003,96.68,90.761925,28912100
7/11/2016,96.75,97.650002,96.730003,96.980003,91.043564,23794900
7/12/2016,97.169998,97.699997,97.120003,97.419998,91.456642,24167500
7/13/2016,97.410004,97.669998,96.839996,96.870003,90.940285,25892200
7/14/2016,97.389999,98.989998,97.32,98.790001,92.742775,38919000
7/15/2016,98.919998,99.300003,98.5,98.779999,92.733376,30137000
7/18/2016,98.699997,100.129997,98.599998,99.830002,93.719116,36493900
7/19/2016,99.559998,100,99.339996,99.870003,93.75666,23779900
7/20/2016,100,100.459999,99.739998,99.959999,93.841156,26276000
7/21/2016,99.830002,101,99.129997,99.43,93.343605,32702000
7/22/2016,99.260002,99.300003,98.309998,98.660004,92.620728,28313700
7/25/2016,98.25,98.839996,96.919998,97.339996,91.381516,40382900
7/26/2016,96.82,97.970001,96.419998,96.669998,90.752541,56239800
7/27/2016,104.269997,104.349998,102.75,102.949997,96.648094,92344800
7/28/2016,102.830002,104.449997,102.82,104.339996,97.952995,39869800
7/29/2016,104.190002,104.550003,103.68,104.209999,97.830978,27733700
8/1/2016,104.410004,106.150002,104.410004,106.050003,99.558342,38167900
8/2/2016,106.050003,106.07,104,104.480003,98.084465,33816600
8/3/2016,104.809998,105.839996,104.769997,105.790001,99.314278,30202600
8/4/2016,105.580002,106,105.279999,105.870003,99.927788,27408700
8/5/2016,106.269997,107.650002,106.18,107.480003,101.447411,40553400
8/8/2016,107.519997,108.370003,107.160004,108.370003,102.28746,28037200
8/9/2016,108.230003,108.940002,108.010002,108.809998,102.702774,26315200
8/10/2016,108.709999,108.900002,107.760002,108,101.938248,24008500
8/11/2016,108.519997,108.93,107.849998,107.93,101.872154,27484500
8/12/2016,107.779999,108.440002,107.779999,108.18,102.108131,18660400
8/15/2016,108.139999,109.540001,108.080002,109.480003,103.335182,25868200
8/16/2016,109.629997,110.230003,109.209999,109.379997,103.240776,33794400
8/17/2016,109.099998,109.370003,108.339996,109.220001,103.08976,25356000
8/18/2016,109.230003,109.599998,109.019997,109.080002,102.957619,21984700
8/19/2016,108.769997,109.690002,108.360001,109.360001,103.221886,25368100
8/22/2016,108.860001,109.099998,107.849998,108.510002,102.419609,25820200
8/23/2016,108.589996,109.32,108.529999,108.849998,102.740524,21257700
8/24/2016,108.57,108.75,107.68,108.029999,101.966537,23675100
8/25/2016,107.389999,107.879997,106.68,107.57,101.532372,25086200
8/26/2016,107.410004,107.949997,106.309998,106.940002,100.937721,27766300
8/29/2016,106.620003,107.440002,106.290001,106.82,100.824471,24970300
8/30/2016,105.800003,106.5,105.5,106,100.050491,24863900
8/31/2016,105.660004,106.57,105.639999,106.099998,100.144882,29662400
9/1/2016,106.139999,106.800003,105.620003,106.730003,100.739517,26701500
9/2/2016,107.699997,108,106.82,107.730003,101.683388,26802500
9/6/2016,107.900002,108.300003,107.510002,107.699997,101.655067,26880400
9/7/2016,107.830002,108.760002,107.07,108.360001,102.278015,42364300
9/8/2016,107.25,107.269997,105.239998,105.519997,99.597435,53002000
9/9/2016,104.639999,105.720001,103.129997,103.129997,97.341576,46557000
9/12/2016,102.650002,105.720001,102.529999,105.440002,99.521927,45292800
9/13/2016,107.510002,108.790001,107.239998,107.949997,101.891037,62176200
9/14/2016,108.730003,113.029999,108.599998,111.769997,105.496635,110888700
9/15/2016,113.860001,115.730003,113.489998,115.57,109.083344,89983600
9/16/2016,115.120003,116.129997,114.040001,114.919998,108.469833,79886900
9/19/2016,115.190002,116.18,113.25,113.580002,107.20504,47023000
9/20/2016,113.050003,114.120003,112.510002,113.57,107.19561,34514300
9/21/2016,113.849998,113.989998,112.440002,113.550003,107.17672,36003200
9/22/2016,114.349998,114.940002,114,114.620003,108.186668,31074000
9/23/2016,114.419998,114.790001,111.550003,112.709999,106.383858,52481200
9/26/2016,111.639999,113.389999,111.550003,112.879997,106.544327,29869400
9/27/2016,113,113.18,112.339996,113.089996,106.742538,24607400
9/28/2016,113.690002,114.639999,113.43,113.949997,107.554268,29641100
9/29/2016,113.160004,113.800003,111.800003,112.18,105.883629,35887000
9/30/2016,112.459999,113.370003,111.800003,113.050003,106.704796,36379100
10/3/2016,112.709999,113.050003,112.279999,112.519997,106.204529,21701800
10/4/2016,113.059998,114.309998,112.629997,113,106.657608,29736800
10/5/2016,113.400002,113.660004,112.690002,113.050003,106.704796,21453100
10/6/2016,113.699997,114.339996,113.129997,113.889999,107.497643,28779300
10/7/2016,114.309998,114.559998,113.510002,114.059998,107.658104,24358400
10/10/2016,115.019997,116.75,114.720001,116.050003,109.536407,36236000
10/11/2016,117.699997,118.690002,116.199997,116.300003,109.772369,64041000
10/12/2016,117.349998,117.980003,116.75,117.339996,110.753998,37586800
10/13/2016,116.790001,117.440002,115.720001,116.980003,110.414215,35192400
10/14/2016,117.879997,118.169998,117.129997,117.629997,111.02771,35652200
10/17/2016,117.330002,117.839996,116.779999,117.550003,110.952202,23624900
10/18/2016,118.18,118.209999,117.449997,117.470001,110.876709,24553500
10/19/2016,117.25,117.760002,113.800003,117.120003,110.546349,20034600
10/20/2016,116.860001,117.379997,116.330002,117.059998,110.489738,24125800
10/21/2016,116.809998,116.910004,116.279999,116.599998,110.055542,23192700
10/24/2016,117.099998,117.739998,117,117.650002,111.0466,23538700
10/25/2016,117.949997,118.360001,117.309998,118.25,111.612923,48129000
10/26/2016,114.309998,115.699997,113.309998,115.589996,109.102219,66134200
10/27/2016,115.389999,115.860001,114.099998,114.480003,108.05452,34562000
10/28/2016,113.870003,115.209999,113.449997,113.720001,107.337166,37861700
10/31/2016,113.650002,114.230003,113.199997,113.540001,107.167274,26419400
11/1/2016,113.459999,113.769997,110.529999,111.489998,105.232338,43825800
11/2/2016,111.400002,112.349998,111.230003,111.589996,105.326721,28331700
11/3/2016,110.980003,111.459999,109.550003,109.830002,104.197777,26932600
11/4/2016,108.529999,110.25,108.110001,108.839996,103.258522,30837000
11/7/2016,110.080002,110.510002,109.459999,110.410004,104.748009,32560000
11/8/2016,110.309998,111.720001,109.699997,111.059998,105.364685,24254200
11/9/2016,109.879997,111.32,108.050003,110.879997,105.193924,59176400
11/10/2016,111.089996,111.089996,105.830002,107.790001,102.262383,57134500
11/11/2016,107.120003,108.870003,106.550003,108.43,102.869553,34143900
11/14/2016,107.709999,107.809998,104.080002,105.709999,100.28904,51175500
11/15/2016,106.57,107.68,106.160004,107.110001,101.617256,32264500
11/16/2016,106.699997,110.230003,106.599998,109.989998,104.349548,58840500
11/17/2016,109.809998,110.349998,108.830002,109.949997,104.311584,27632000
11/18/2016,109.720001,110.540001,109.660004,110.059998,104.41597,28428900
11/21/2016,110.120003,111.989998,110.010002,111.730003,106.000328,29264600
11/22/2016,111.949997,112.419998,111.400002,111.800003,106.066727,25965500
11/23/2016,111.360001,111.510002,110.330002,111.230003,105.525963,27426400
11/25/2016,111.129997,111.870003,110.949997,111.790001,106.057251,11475900
11/28/2016,111.43,112.470001,111.389999,111.57,105.848526,27194000
11/29/2016,110.779999,112.029999,110.07,111.459999,105.744179,28528800
11/30/2016,111.599998,112.199997,110.269997,110.519997,104.852379,36162300
12/1/2016,110.370003,110.940002,109.029999,109.489998,103.875198,37086900
12/2/2016,109.169998,110.089996,108.849998,109.900002,104.264175,26528000
12/5/2016,110,110.029999,108.25,109.110001,103.514687,34324500
12/6/2016,109.5,110.360001,109.190002,109.949997,104.311584,26195500
12/7/2016,109.260002,111.190002,109.160004,111.029999,105.336243,29998700
12/8/2016,110.860001,112.43,110.599998,112.120003,106.370323,27068300
12/9/2016,112.309998,114.699997,112.309998,113.949997,108.106476,34402600
12/12/2016,113.290001,115,112.489998,113.300003,107.48983,26374400
12/13/2016,113.839996,115.919998,113.75,115.190002,109.282906,43733800
12/14/2016,115.040001,116.199997,114.980003,115.190002,109.282906,34031800
12/15/2016,115.379997,116.730003,115.230003,115.82,109.880577,46524500
12/16/2016,116.470001,116.5,115.650002,115.970001,110.022896,44351100
12/19/2016,115.800003,117.379997,115.75,116.639999,110.658531,27779400
12/20/2016,116.739998,117.5,116.68,116.949997,110.952629,21425000
12/21/2016,116.800003,117.400002,116.779999,117.059998,111.056999,23783200
12/22/2016,116.349998,116.510002,115.639999,116.290001,110.326492,26085900
12/23/2016,115.589996,116.519997,115.589996,116.519997,110.544678,14249500
12/27/2016,116.519997,117.800003,116.489998,117.260002,111.246742,18296900
12/28/2016,117.519997,118.019997,116.199997,116.760002,110.7724,20905900
12/29/2016,116.449997,117.110001,116.400002,116.730003,110.743919,15039500
12/30/2016,116.650002,117.199997,115.43,115.82,109.880577,30586300
1/3/2017,115.800003,116.330002,114.760002,116.150002,110.193657,28781900
1/4/2017,115.849998,116.510002,115.75,116.019997,110.070328,21118100
1/5/2017,115.919998,116.860001,115.809998,116.610001,110.630081,22193600
1/6/2017,116.779999,118.160004,116.470001,117.910004,111.863426,31751900
1/9/2017,117.949997,119.43,117.940002,118.989998,112.888023,33561900
1/10/2017,118.769997,119.379997,118.300003,119.110001,113.001884,24462100
1/11/2017,118.739998,119.93,118.599998,119.75,113.609047,27588600
1/12/2017,118.900002,119.300003,118.209999,119.25,113.134682,27086200
1/13/2017,119.110001,119.620003,118.809998,119.040001,112.935448,26111900
1/17/2017,118.339996,120.239998,118.220001,120,113.846252,34439800
1/18/2017,120,120.5,119.709999,119.989998,113.836731,23713000
1/19/2017,119.400002,120.089996,119.370003,119.779999,113.637512,25597300
1/20/2017,120.449997,120.449997,119.730003,120,113.846252,32597900
1/23/2017,120,120.809998,119.769997,120.080002,113.922127,22050200
1/24/2017,119.550003,120.099998,119.5,119.970001,113.817764,23211000
1/25/2017,120.419998,122.099998,120.279999,121.879997,115.629822,32377600
1/26/2017,121.669998,122.440002,121.599998,121.940002,115.686745,26337600
1/27/2017,122.139999,122.349998,121.599998,121.949997,115.696228,20562900
1/30/2017,120.93,121.629997,120.660004,121.629997,115.392624,30377500
1/31/2017,121.150002,121.389999,120.620003,121.349998,115.126999,49201000
2/1/2017,127.029999,130.490005,127.010002,128.75,122.147514,111985000
2/2/2017,127.980003,129.389999,127.779999,128.529999,121.938789,33710400
2/3/2017,128.309998,129.190002,128.160004,129.080002,122.460602,24507300
2/6/2017,129.130005,130.5,128.899994,130.289993,123.608551,26845900
2/7/2017,130.539993,132.089996,130.449997,131.529999,124.784935,38183800
2/8/2017,131.350006,132.220001,131.220001,132.039993,125.268784,23004100
2/9/2017,131.649994,132.449997,131.119995,132.419998,126.173973,28349900
2/10/2017,132.460007,132.940002,132.050003,132.119995,125.88813,20065500
2/13/2017,133.080002,133.820007,132.75,133.289993,127.002937,23035400
2/14/2017,133.470001,135.089996,133.25,135.020004,128.651382,33226200
2/15/2017,135.520004,136.270004,134.619995,135.509995,129.118271,35623100
2/16/2017,135.669998,135.899994,134.839996,135.350006,128.965805,22584600
2/17/2017,135.100006,135.830002,135.100006,135.720001,129.318359,22198200
2/21/2017,136.229996,136.75,135.979996,136.699997,130.252136,24507200
2/22/2017,136.429993,137.119995,136.110001,137.110001,130.642776,20836900
2/23/2017,137.380005,137.479996,136.300003,136.529999,130.090134,20788200
2/24/2017,135.910004,136.660004,135.279999,136.660004,130.21402,21776600
2/27/2017,137.139999,137.440002,136.279999,136.929993,130.471252,20257400
2/28/2017,137.080002,137.440002,136.699997,136.990005,130.528458,23482900
3/1/2017,137.889999,140.149994,137.600006,139.789993,133.19635,36414600
3/2/2017,140,140.279999,138.759995,138.960007,132.405502,26211000
3/3/2017,138.779999,139.830002,138.589996,139.779999,133.186829,21108100
3/6/2017,139.369995,139.770004,138.600006,139.339996,132.767578,21750000
3/7/2017,139.059998,139.979996,138.789993,139.520004,132.939102,17446300
3/8/2017,138.949997,139.800003,138.820007,139,132.443634,18707200
3/9/2017,138.740005,138.789993,137.050003,138.679993,132.138687,22155900
3/10/2017,139.25,139.360001,138.639999,139.139999,132.577026,19612800
3/13/2017,138.850006,139.429993,138.820007,139.199997,132.634171,17421700
3/14/2017,139.300003,139.649994,138.839996,138.990005,132.434113,15309100
3/15/2017,139.410004,140.75,139.029999,140.460007,133.834778,25691800
3/16/2017,140.720001,141.020004,140.259995,140.690002,134.053879,19232000
3/17/2017,141,141,139.889999,139.990005,133.386948,43885000
3/20/2017,140.399994,141.5,140.229996,141.460007,134.787598,21542000
3/21/2017,142.110001,142.800003,139.729996,139.839996,133.244003,39529900
3/22/2017,139.850006,141.600006,139.759995,141.419998,134.749481,25860200
3/23/2017,141.259995,141.580002,140.610001,140.919998,134.273041,20346300
3/24/2017,141.5,141.740005,140.350006,140.639999,134.006271,22395600
3/27/2017,139.389999,141.220001,138.619995,140.880005,134.23497,23575100
3/28/2017,140.910004,144.039993,140.619995,143.800003,137.017227,33374800
3/29/2017,143.679993,144.490005,143.190002,144.119995,137.322098,29190000
3/30/2017,144.190002,144.5,143.5,143.929993,137.141052,21207300
3/31/2017,143.720001,144.270004,143.009995,143.660004,136.883835,19661700
4/3/2017,143.710007,144.119995,143.050003,143.699997,136.921936,19985700
4/4/2017,143.25,144.889999,143.169998,144.770004,137.941467,19891400
4/5/2017,144.220001,145.460007,143.809998,144.020004,137.226852,27717900
4/6/2017,144.289993,144.520004,143.449997,143.660004,136.883835,21149000
4/7/2017,143.729996,144.179993,143.270004,143.339996,136.578903,16672200
4/10/2017,143.600006,143.880005,142.899994,143.169998,136.416931,18933400
4/11/2017,142.940002,143.350006,140.059998,141.630005,134.949585,30379400
4/12/2017,141.600006,142.149994,141.009995,141.800003,135.111526,20350000
4/13/2017,141.910004,142.380005,141.050003,141.050003,134.396927,17822900
4/17/2017,141.479996,141.880005,140.869995,141.830002,135.140137,16582100
4/18/2017,141.410004,142.039993,141.110001,141.199997,134.539871,14697500
4/19/2017,141.880005,142,140.449997,140.679993,134.044388,17328400
4/20/2017,141.220001,142.919998,141.160004,142.440002,135.721359,23319600
4/21/2017,142.440002,142.679993,141.850006,142.270004,135.559402,17320900
4/24/2017,143.5,143.949997,143.179993,143.639999,136.864777,17134300
4/25/2017,143.910004,144.899994,143.869995,144.529999,137.712784,18871500
4/26/2017,144.470001,144.600006,143.380005,143.679993,136.902878,20041200
4/27/2017,143.919998,144.160004,143.309998,143.789993,137.007675,14246300
4/28/2017,144.089996,144.300003,143.270004,143.649994,136.874298,20860400
5/1/2017,145.100006,147.199997,144.960007,146.580002,139.666107,33602900
5/2/2017,147.539993,148.089996,146.839996,147.509995,140.5522,45352200
5/3/2017,145.589996,147.490005,144.270004,147.059998,140.123459,45697000
5/4/2017,146.520004,147.139999,145.809998,146.529999,139.618454,23371900
5/5/2017,146.759995,148.979996,146.759995,148.960007,141.933823,27327700
5/8/2017,149.029999,153.699997,149.029999,153.009995,145.792801,48752400
5/9/2017,153.869995,154.880005,153.449997,153.990005,146.726563,39130400
5/10/2017,153.630005,153.940002,152.110001,153.259995,146.031006,25805700
5/11/2017,152.449997,154.070007,152.309998,153.949997,147.2939,27255100
5/12/2017,154.699997,156.419998,154.669998,156.100006,149.350983,32527000
5/15/2017,156.009995,156.649994,155.050003,155.699997,148.968277,26009700
5/16/2017,155.940002,156.059998,154.720001,155.470001,148.748199,20048500
5/17/2017,153.600006,154.570007,149.710007,150.25,143.753906,50767700
5/18/2017,151.270004,153.339996,151.130005,152.539993,145.944885,33568200
5/19/2017,153.380005,153.979996,152.630005,153.059998,146.442398,26960800
5/22/2017,154,154.580002,152.910004,153.990005,147.332184,22966400
5/23/2017,154.899994,154.899994,153.309998,153.800003,147.150406,19918900
5/24/2017,153.839996,154.169998,152.669998,153.339996,146.710327,19178000
5/25/2017,153.729996,154.350006,153.029999,153.869995,147.217361,19235600
5/26/2017,154,154.240005,153.309998,153.610001,146.968643,21927600
5/30/2017,153.419998,154.429993,153.330002,153.669998,147.026047,20126900
5/31/2017,153.970001,154.169998,152.380005,152.759995,146.15538,24451200
6/1/2017,153.169998,153.330002,152.220001,153.179993,146.55722,16404100
6/2/2017,153.580002,155.449997,152.889999,155.449997,148.72908,27770700
6/5/2017,154.339996,154.449997,153.460007,153.929993,147.27478,25331700
6/6/2017,153.899994,155.809998,153.779999,154.449997,147.772324,26624900
6/7/2017,155.020004,155.979996,154.479996,155.369995,148.652527,21069600
6/8/2017,155.25,155.539993,154.399994,154.990005,148.288956,21250800
6/9/2017,155.190002,155.190002,146.020004,148.979996,142.538773,64882700
6/12/2017,145.740005,146.089996,142.509995,145.419998,139.132721,72307300
6/13/2017,147.160004,147.449997,145.149994,146.589996,140.252151,34165400
6/14/2017,147.5,147.5,143.839996,145.160004,138.883957,31531200
6/15/2017,143.320007,144.479996,142.210007,144.289993,138.051559,32165400
6/16/2017,143.779999,144.5,142.199997,142.270004,136.118942,50361100
6/19/2017,143.660004,146.740005,143.660004,146.339996,140.012955,32541400
6/20/2017,146.869995,146.869995,144.940002,145.009995,138.740433,24900100
6/21/2017,145.520004,146.070007,144.610001,145.869995,139.563263,21265800
6/22/2017,145.770004,146.699997,145.119995,145.630005,139.333679,19106300
6/23/2017,145.130005,147.160004,145.110001,146.279999,139.955536,35439400
6/26/2017,147.169998,148.279999,145.380005,145.820007,139.515442,25692400
6/27/2017,145.009995,146.160004,143.619995,143.729996,137.515778,24761900
6/28/2017,144.490005,146.110001,143.160004,145.830002,139.524994,22082400
6/29/2017,144.710007,145.130005,142.279999,143.679993,137.467957,31499400
6/30/2017,144.449997,144.960007,143.779999,144.020004,137.793259,23024100
7/3/2017,144.880005,145.300003,143.100006,143.5,137.295715,14277800
7/5/2017,143.690002,144.789993,142.720001,144.089996,137.860229,21569600
7/6/2017,143.020004,143.5,142.410004,142.729996,136.559036,24128800
7/7/2017,142.899994,144.75,142.899994,144.179993,137.946335,19201700
7/10/2017,144.110001,145.949997,143.369995,145.059998,138.788269,21090600
7/11/2017,144.729996,145.850006,144.380005,145.529999,139.237961,19781800
7/12/2017,145.869995,146.179993,144.820007,145.740005,139.438904,24884500
7/13/2017,145.5,148.490005,145.440002,147.770004,141.381149,25199400
7/14/2017,147.970001,149.330002,147.330002,149.039993,142.596207,20132100
7/17/2017,148.820007,150.899994,148.570007,149.559998,143.093735,23793500
7/18/2017,149.199997,150.130005,148.669998,150.080002,143.591248,17868800
7/19/2017,150.479996,151.419998,149.949997,151.020004,144.490616,20923000
7/20/2017,151.5,151.740005,150.190002,150.339996,143.839996,17243700
7/21/2017,149.990005,150.440002,148.880005,150.270004,143.773026,26252600
7/24/2017,150.580002,152.440002,149.899994,152.089996,145.514374,21493200
7/25/2017,151.800003,153.839996,151.800003,152.740005,146.136246,18853900
7/26/2017,153.350006,153.929993,153.059998,153.460007,146.825134,15781000
7/27/2017,153.75,153.990005,147.300003,150.559998,144.050507,32476300
7/28/2017,149.889999,150.229996,149.190002,149.5,143.036331,17213700
7/31/2017,149.899994,150.330002,148.130005,148.729996,142.299622,19845900
8/1/2017,149.100006,150.220001,148.410004,150.050003,143.562546,35368600
8/2/2017,159.279999,159.75,156.160004,157.139999,150.346008,69936800
8/3/2017,157.050003,157.210007,155.020004,155.570007,148.843903,27097300
8/4/2017,156.070007,157.399994,155.690002,156.389999,149.628448,20559900
8/7/2017,157.059998,158.919998,156.669998,158.809998,151.943817,21870300
8/8/2017,158.600006,161.830002,158.270004,160.080002,153.158905,36205900
8/9/2017,159.259995,161.270004,159.110001,161.059998,154.096527,26131500
8/10/2017,159.899994,160,154.630005,155.320007,149.188263,40804300
8/11/2017,156.600006,158.570007,156.070007,157.479996,151.263,26257100
8/14/2017,159.320007,160.210007,158.75,159.850006,153.539444,22122700
8/15/2017,160.660004,162.199997,160.139999,161.600006,155.220322,29465500
8/16/2017,161.940002,162.509995,160.149994,160.949997,154.596008,27671600
8/17/2017,160.520004,160.710007,157.839996,157.860001,151.627991,27940600
8/18/2017,157.860001,159.5,156.720001,157.5,151.282242,27428100
8/21/2017,157.5,157.889999,155.110001,157.210007,151.003662,26368500
8/22/2017,158.229996,160,158.020004,159.779999,153.472183,21604600
8/23/2017,159.070007,160.470001,158.880005,159.979996,153.664276,19399100
8/24/2017,160.429993,160.740005,158.550003,159.270004,152.9823,19818900
8/25/2017,159.649994,160.559998,159.270004,159.860001,153.549042,25480100
8/28/2017,160.139999,162,159.929993,161.470001,155.095474,25966000
8/29/2017,160.100006,163.119995,160,162.910004,156.478622,29516900
8/30/2017,163.800003,163.889999,162.610001,163.350006,156.90126,27269600
8/31/2017,163.639999,164.520004,163.479996,164,157.525589,26785100
9/1/2017,164.800003,164.940002,163.630005,164.050003,157.573639,16591100
9/5/2017,163.75,164.25,160.559998,162.080002,155.681396,29468500
9/6/2017,162.710007,162.990005,160.520004,161.910004,155.518097,21651700
9/7/2017,162.089996,162.240005,160.360001,161.259995,154.893768,21928500
9/8/2017,160.860001,161.149994,158.529999,158.630005,152.367615,28611500
9/11/2017,160.5,162.050003,159.889999,161.5,155.124313,31580800
9/12/2017,162.610001,163.960007,158.770004,160.860001,154.509583,71714000
9/13/2017,159.869995,159.960007,157.910004,159.649994,153.347336,44907400
9/14/2017,158.990005,159.399994,158.089996,158.279999,152.031403,23760700
9/15/2017,158.470001,160.970001,158,159.880005,153.568253,49114600
9/18/2017,160.110001,160.5,158,158.669998,152.406006,28269400
9/19/2017,159.509995,159.770004,158.440002,158.729996,152.463638,20810600
9/20/2017,157.899994,158.259995,153.830002,156.070007,149.908676,52951400
9/21/2017,155.800003,155.800003,152.75,153.389999,147.334442,37511700
9/22/2017,151.539993,152.270004,150.559998,151.889999,145.893661,46645400
9/25/2017,149.990005,151.830002,149.160004,150.550003,144.606583,44387300
9/26/2017,151.779999,153.919998,151.690002,153.139999,147.094315,36660000
9/27/2017,153.800003,154.720001,153.539993,154.229996,148.141296,25504200
9/28/2017,153.889999,154.279999,152.699997,153.279999,147.228806,22005500
9/29/2017,153.210007,154.130005,152,154.119995,148.035614,26299800
10/2/2017,154.259995,154.449997,152.720001,153.809998,147.737885,18698800
10/3/2017,154.009995,155.089996,153.910004,154.479996,148.381439,16230300
10/4/2017,153.630005,153.860001,152.460007,153.479996,147.420914,20163800
10/5/2017,154.179993,155.440002,154.050003,155.389999,149.255493,21283800
10/6/2017,154.970001,155.490005,154.559998,155.300003,149.169022,17407600
10/9/2017,155.809998,156.729996,155.490005,155.839996,149.687729,16262900
10/10/2017,156.059998,158,155.100006,155.899994,149.745346,15617000
10/11/2017,155.970001,156.979996,155.75,156.550003,150.369705,16905600
10/12/2017,156.350006,157.369995,155.729996,156,149.841446,16125100
10/13/2017,156.729996,157.279999,156.410004,156.990005,150.792358,16394200
10/16/2017,157.899994,160,157.649994,159.880005,153.568253,24121500
10/17/2017,159.779999,160.869995,159.229996,160.470001,154.134949,18997300
10/18/2017,160.419998,160.710007,159.600006,159.759995,153.452988,16374200
10/19/2017,156.75,157.080002,155.020004,155.979996,149.822205,42584200
10/20/2017,156.610001,157.75,155.960007,156.25,150.081558,23974100
10/23/2017,156.889999,157.690002,155.5,156.169998,150.004715,21984300
10/24/2017,156.289993,157.419998,156.199997,157.100006,150.897995,17757200
10/25/2017,156.910004,157.550003,155.270004,156.410004,150.235229,21207100
10/26/2017,157.229996,157.830002,156.779999,157.410004,151.19574,17000500
10/27/2017,159.289993,163.600006,158.699997,163.050003,156.613068,44454200
10/30/2017,163.889999,168.070007,163.720001,166.720001,160.138229,44700800
10/31/2017,167.899994,169.649994,166.940002,169.039993,162.366608,36046800
11/1/2017,169.869995,169.940002,165.610001,166.889999,160.301514,33637800
11/2/2017,166.600006,168.5,165.279999,168.110001,161.473358,41393400
11/3/2017,174,174.259995,171.119995,172.5,165.690033,59398600
11/6/2017,172.369995,174.990005,171.720001,174.25,167.370956,35026300
11/7/2017,173.910004,175.25,173.600006,174.809998,167.908813,24361500
11/8/2017,174.660004,176.240005,174.330002,176.240005,169.282394,24409500
11/9/2017,175.110001,176.100006,173.139999,175.880005,168.9366,29482600
11/10/2017,175.110001,175.380005,174.270004,174.669998,168.377472,25145500
11/13/2017,173.5,174.5,173.399994,173.970001,167.702698,16982100
11/14/2017,173.039993,173.479996,171.179993,171.339996,165.16745,24782500
11/15/2017,169.970001,170.320007,168.380005,169.080002,162.988846,29158100
11/16/2017,171.179993,171.869995,170.300003,171.100006,164.936096,23637500
11/17/2017,171.039993,171.389999,169.639999,170.149994,164.020309,21899500
11/20/2017,170.289993,170.559998,169.559998,169.979996,163.856461,16262400
11/21/2017,170.779999,173.699997,170.779999,173.139999,166.902603,25131300
11/22/2017,173.360001,175,173.050003,174.960007,168.657028,25588900
11/24/2017,175.100006,175.5,174.649994,174.970001,168.666702,14026700
11/27/2017,175.050003,175.080002,173.339996,174.089996,167.818375,20716800
11/28/2017,174.300003,174.869995,171.860001,173.070007,166.835129,26428800
11/29/2017,172.630005,172.919998,167.160004,169.479996,163.374512,41666400
11/30/2017,170.429993,172.139999,168.440002,171.850006,165.659088,41527200
12/1/2017,169.949997,171.669998,168.5,171.050003,164.887894,39759300
12/4/2017,172.479996,172.619995,169.630005,169.800003,163.682922,32542400
12/5/2017,169.059998,171.520004,168.399994,169.639999,163.528656,27350200
12/6/2017,167.5,170.199997,166.460007,169.009995,162.921402,28560000
12/7/2017,169.029999,170.440002,168.910004,169.320007,163.220261,25673300
12/8/2017,170.490005,171,168.820007,169.369995,163.268402,23355200
12/11/2017,169.199997,172.889999,168.789993,172.669998,166.449539,35273800
12/12/2017,172.149994,172.389999,171.460007,171.699997,165.514481,19409200
12/13/2017,172.5,173.539993,172,172.270004,166.06395,23818400
12/14/2017,172.399994,173.130005,171.649994,172.220001,166.015747,20476500
12/15/2017,173.630005,174.169998,172.460007,173.970001,167.702698,40169300
12/18/2017,174.880005,177.199997,174.860001,176.419998,170.064453,29421100
12/19/2017,175.029999,175.389999,174.089996,174.539993,168.252151,27436400
12/20/2017,174.869995,175.419998,173.25,174.350006,168.069016,23475600
12/21/2017,174.169998,176.020004,174.100006,175.009995,168.705246,20949900
12/22/2017,174.679993,175.419998,174.5,175.009995,168.705246,16349400
12/26/2017,170.800003,171.470001,169.679993,170.570007,164.425217,33185500
12/27/2017,170.100006,170.779999,169.710007,170.600006,164.454132,21498200
12/28/2017,171,171.850006,170.479996,171.080002,164.916855,16480200
12/29/2017,170.520004,170.589996,169.220001,169.229996,163.133469,25999900
1/2/2018,170.160004,172.300003,169.259995,172.259995,166.054321,25555900
1/3/2018,172.529999,174.550003,171.960007,172.229996,166.025375,29517900
1/4/2018,172.539993,173.470001,172.080002,173.029999,166.796555,22434600
1/5/2018,173.440002,175.369995,173.050003,175,168.695572,23660000
1/8/2018,174.350006,175.610001,173.929993,174.350006,168.069016,20567800
1/9/2018,174.550003,175.059998,173.410004,174.330002,168.049728,21584000
1/10/2018,173.160004,174.300003,173,174.289993,168.011185,23959900
1/11/2018,174.589996,175.490005,174.490005,175.279999,168.965515,18667700
1/12/2018,176.179993,177.360001,175.649994,177.089996,170.710327,25418100
1/16/2018,177.899994,179.389999,176.139999,176.190002,169.842743,29565900
1/17/2018,176.149994,179.25,175.070007,179.100006,172.647919,34386800
1/18/2018,179.369995,180.100006,178.25,179.259995,172.802139,31193400
1/19/2018,178.610001,179.580002,177.410004,178.460007,172.030975,32425100
1/22/2018,177.300003,177.779999,176.600006,177,170.623581,27108600
1/23/2018,177.300003,179.440002,176.820007,177.039993,170.662094,32689100
1/24/2018,177.25,177.300003,173.199997,174.220001,167.943726,51105100
1/25/2018,174.509995,174.949997,170.529999,171.110001,164.94574,41529000
1/26/2018,172,172,170.059998,171.509995,165.331314,39143000
1/29/2018,170.160004,170.160004,167.070007,167.960007,161.909225,50640400
1/30/2018,165.529999,167.369995,164.699997,166.970001,160.954895,46048200
1/31/2018,166.869995,168.440002,166.5,167.429993,161.398315,32478900
2/1/2018,167.169998,168.619995,166.759995,167.779999,161.735718,47230800
2/2/2018,166,166.800003,160.100006,160.5,154.717987,86593800
2/5/2018,159.100006,163.880005,156,156.490005,150.852402,72738500
2/6/2018,154.830002,163.720001,154,163.029999,157.156799,68243800
2/7/2018,163.089996,163.399994,159.070007,159.539993,153.792526,51608600
2/8/2018,160.289993,161,155.029999,155.149994,149.560715,54390500
2/9/2018,157.070007,157.889999,150.240005,156.410004,151.390045,70672600
2/12/2018,158.5,163.889999,157.509995,162.710007,157.487839,60819500
2/13/2018,161.949997,164.75,161.649994,164.339996,159.065536,32549200
2/14/2018,163.039993,167.539993,162.880005,167.369995,161.998276,40644900
2/15/2018,169.789993,173.089996,169,172.990005,167.437912,51147200
2/16/2018,172.360001,174.820007,171.770004,172.429993,166.895874,40176100
2/20/2018,172.050003,174.259995,171.419998,171.850006,166.334503,33930500
2/21/2018,172.830002,174.119995,171.009995,171.070007,165.579529,37471600
2/22/2018,171.800003,173.949997,171.710007,172.5,166.963638,30991900
2/23/2018,173.669998,175.649994,173.539993,175.5,169.86734,33812400
2/26/2018,176.350006,179.389999,176.210007,178.970001,173.225952,38162200
2/27/2018,179.100006,180.479996,178.160004,178.389999,172.664612,38928100
2/28/2018,179.259995,180.619995,178.050003,178.119995,172.403275,37782100
3/1/2018,178.539993,179.779999,172.660004,175,169.383362,48802000
3/2/2018,172.800003,176.300003,172.449997,176.210007,170.554565,38454000
3/5/2018,175.210007,177.740005,174.520004,176.820007,171.145004,28401400
3/6/2018,177.910004,178.25,176.130005,176.669998,170.999802,23788500
3/7/2018,174.940002,175.850006,174.270004,175.029999,169.412445,31703500
3/8/2018,175.479996,177.119995,175.070007,176.940002,171.261139,23774100
3/9/2018,177.960007,180,177.389999,179.979996,174.203552,32185200
3/12/2018,180.289993,182.389999,180.210007,181.720001,175.887711,32207100
3/13/2018,182.589996,183.5,179.240005,179.970001,174.193893,31693500
3/14/2018,180.320007,180.520004,177.809998,178.440002,172.712982,29368400
3/15/2018,178.5,180.240005,178.070007,178.649994,172.916245,22743800
3/16/2018,178.649994,179.119995,177.619995,178.020004,172.306488,39404700
3/19/2018,177.320007,177.470001,173.660004,175.300003,169.673782,33446800
3/20/2018,175.240005,176.800003,174.940002,175.240005,169.615707,19649400
3/21/2018,175.039993,175.089996,171.259995,171.270004,165.773117,37054900
3/22/2018,170,172.679993,168.600006,168.850006,163.430786,41490800
3/23/2018,168.389999,169.919998,164.940002,164.940002,159.646255,41028800
3/26/2018,168.070007,173.100006,166.440002,172.770004,167.224991,37541200
3/27/2018,173.679993,175.149994,166.919998,168.339996,162.937134,40922600
3/28/2018,167.25,170.020004,165.190002,166.479996,161.136841,41668500
3/29/2018,167.809998,171.75,166.899994,167.779999,162.395126,38398500
4/2/2018,166.639999,168.940002,164.470001,166.679993,161.330429,37586800
4/3/2018,167.639999,168.75,164.880005,168.389999,162.98555,30278000
4/4/2018,164.880005,172.009995,164.770004,171.610001,166.102203,34605500
4/5/2018,172.580002,174.229996,172.080002,172.800003,167.253998,26933200
4/6/2018,170.970001,172.479996,168.199997,168.380005,162.975891,35005300
4/9/2018,169.880005,173.089996,169.850006,170.050003,164.592255,29017700
4/10/2018,173,174,171.529999,173.25,167.689575,28408600
4/11/2018,172.229996,173.919998,171.699997,172.440002,166.905563,22431600
4/12/2018,173.410004,175,173.039993,174.139999,168.551025,22889300
4/13/2018,174.779999,175.839996,173.850006,174.729996,169.12204,25124300
4/16/2018,175.029999,176.190002,174.830002,175.820007,170.177109,21578400
4/17/2018,176.490005,178.940002,176.410004,178.240005,172.519409,26605400
4/18/2018,177.809998,178.820007,176.880005,177.839996,172.132248,20754500
4/19/2018,173.759995,175.389999,172.660004,172.800003,167.253998,34808800
4/20/2018,170.600006,171.220001,165.429993,165.720001,160.40123,65491100
4/23/2018,166.830002,166.919998,164.089996,165.240005,159.936661,36515500
4/24/2018,165.669998,166.330002,161.220001,162.940002,157.71048,33692000
4/25/2018,162.619995,165.419998,162.410004,163.649994,158.397659,28382100
4/26/2018,164.119995,165.729996,163.369995,164.220001,158.949371,27963000
4/27/2018,164,164.330002,160.630005,162.320007,157.110367,35655800
4/30/2018,162.130005,167.259995,161.839996,165.259995,159.955994,42427400
5/1/2018,166.410004,169.199997,165.270004,169.100006,163.672729,53569400
5/2/2018,175.229996,177.75,173.800003,176.570007,170.903015,66539400
5/3/2018,175.880005,177.5,174.440002,176.889999,171.212723,34068200
5/4/2018,178.25,184.25,178.169998,183.830002,177.929993,56201300
5/7/2018,185.179993,187.669998,184.75,185.160004,179.2173,42451400
5/8/2018,184.990005,186.220001,183.669998,186.050003,180.078751,28402800
5/9/2018,186.550003,187.399994,185.220001,187.360001,181.34671,23211200
5/10/2018,187.740005,190.369995,187.649994,190.039993,183.940674,27989300
5/11/2018,189.490005,190.059998,187.449997,188.589996,183.241104,26212200
5/14/2018,189.009995,189.529999,187.860001,188.149994,182.813583,20778800
5/15/2018,186.779999,187.070007,185.100006,186.440002,181.152115,23695200
5/16/2018,186.070007,188.460007,186,188.179993,182.842712,19183100
5/17/2018,188,188.910004,186.360001,186.990005,181.686493,17294000
5/18/2018,187.190002,187.809998,186.130005,186.309998,181.025772,18297700
5/21/2018,188,189.270004,186.910004,187.630005,182.308334,18400800
5/22/2018,188.380005,188.880005,186.779999,187.160004,181.851654,15240700
5/23/2018,186.350006,188.5,185.759995,188.360001,183.017654,20058400
5/24/2018,188.770004,188.839996,186.210007,188.149994,182.813583,23234000
5/25/2018,188.229996,189.649994,187.649994,188.580002,183.2314,17461000
5/29/2018,187.600006,188.75,186.869995,187.899994,182.570694,22514100
5/30/2018,187.720001,188,186.779999,187.5,182.182037,18690500
5/31/2018,187.220001,188.229996,186.139999,186.869995,181.56987,27482800
6/1/2018,187.990005,190.259995,187.75,190.240005,184.844284,23442500
6/4/2018,191.639999,193.419998,191.350006,191.830002,186.389221,26266200
6/5/2018,193.070007,193.940002,192.360001,193.309998,187.827225,21566000
6/6/2018,193.630005,194.080002,191.919998,193.979996,188.478226,20933600
6/7/2018,194.139999,194.199997,192.339996,193.460007,187.972992,21347200
6/8/2018,191.169998,192,189.770004,191.699997,186.262909,26656800
6/11/2018,191.350006,191.970001,190.210007,191.229996,185.806229,18308500
6/12/2018,191.389999,192.610001,191.149994,192.279999,186.826447,16911100
6/13/2018,192.419998,192.880005,190.440002,190.699997,185.29126,21638400
6/14/2018,191.550003,191.570007,190.220001,190.800003,185.388443,21610100
6/15/2018,190.029999,190.160004,188.259995,188.839996,183.484039,61719200
6/18/2018,187.880005,189.220001,187.199997,188.740005,183.386841,18484900
6/19/2018,185.139999,186.330002,183.449997,185.690002,180.42337,33578500
6/20/2018,186.350006,187.199997,185.729996,186.5,181.210388,20628700
6/21/2018,187.25,188.350006,184.940002,185.460007,180.19989,25711900
6/22/2018,186.119995,186.149994,184.699997,184.919998,179.675171,27200400
6/25/2018,183.399994,184.919998,180.729996,182.169998,177.003189,31663100
6/26/2018,182.990005,186.529999,182.539993,184.429993,179.199081,24569200
6/27/2018,185.229996,187.279999,184.029999,184.160004,178.936737,25285300
6/28/2018,184.100006,186.210007,183.800003,185.5,180.23877,17365200
6/29/2018,186.289993,187.190002,182.910004,185.110001,179.859787,22737700
7/2/2018,183.820007,187.300003,183.419998,187.179993,181.871094,17731300
7/3/2018,187.789993,187.949997,183.539993,183.919998,178.703568,13954800
7/5/2018,185.259995,186.410004,184.279999,185.399994,180.141571,16604200
7/6/2018,185.419998,188.429993,185.199997,187.970001,182.638672,17485200
7/9/2018,189.5,190.679993,189.300003,190.580002,185.174667,19756600
7/10/2018,190.710007,191.279999,190.179993,190.350006,184.951233,15939100
7/11/2018,188.5,189.779999,187.610001,187.880005,182.551239,18831500
7/12/2018,189.529999,191.410004,189.309998,191.029999,185.611908,18041100
7/13/2018,191.080002,191.839996,190.899994,191.330002,185.903381,12513900
7/16/2018,191.520004,192.649994,190.419998,190.910004,185.495331,15043100
7/17/2018,189.75,191.869995,189.199997,191.449997,186.019989,15534500
7/18/2018,191.779999,191.800003,189.929993,190.399994,184.999756,16393400
7/19/2018,189.690002,192.550003,189.690002,191.880005,186.437805,20286800
7/20/2018,191.779999,192.429993,190.169998,191.440002,186.010315,20676200
7/23/2018,190.679993,191.960007,189.559998,191.610001,186.17543,15989400
7/24/2018,192.449997,193.660004,192.050003,193,187.526047,18697900
7/25/2018,193.059998,194.850006,192.429993,194.820007,189.294418,16709900
7/26/2018,194.610001,195.960007,193.610001,194.210007,188.701721,19076000
7/27/2018,194.990005,195.190002,190.100006,190.979996,185.563324,24024000
7/30/2018,191.899994,192.199997,189.070007,189.910004,184.523666,21029500
7/31/2018,190.300003,192.139999,189.339996,190.289993,184.892883,39373000
8/1/2018,199.130005,201.759995,197.309998,201.5,195.784958,67935700
8/2/2018,200.580002,208.380005,200.350006,207.389999,201.507889,62404000
8/3/2018,207.029999,208.740005,205.479996,207.990005,202.090866,33447400
8/6/2018,208,209.25,207.070007,209.070007,203.140244,25425400
8/7/2018,209.320007,209.5,206.759995,207.110001,201.235825,25587400
8/8/2018,206.050003,207.809998,204.520004,207.25,201.371887,22525500
8/9/2018,209.529999,209.779999,207.199997,208.880005,202.955643,23492600
8/10/2018,207.360001,209.100006,206.669998,207.529999,202.351089,24611200
8/13/2018,209.309998,210.949997,207.699997,208.869995,203.657639,25890900
8/14/2018,210.160004,210.559998,208.259995,209.75,204.515747,20748000
8/15/2018,209.220001,210.740005,208.330002,210.240005,204.993484,28807600
8/16/2018,211.75,213.809998,211.470001,213.320007,207.996643,28500400
8/17/2018,213.440002,217.949997,213.160004,217.580002,212.150299,35427000
8/20/2018,218.100006,219.179993,215.110001,215.460007,210.083221,30287700
8/21/2018,216.800003,217.190002,214.029999,215.039993,209.673691,26159800
8/22/2018,214.100006,216.360001,213.839996,215.050003,209.683456,19018100
8/23/2018,214.649994,217.050003,214.600006,215.490005,210.112488,18883200
8/24/2018,216.600006,216.899994,215.110001,216.160004,210.765762,18476400
8/27/2018,217.149994,218.740005,216.330002,217.940002,212.501312,20525100
8/28/2018,219.009995,220.539993,218.919998,219.699997,214.217407,22776800
8/29/2018,220.149994,223.490005,219.410004,222.979996,217.415573,27254800
8/30/2018,223.25,228.259995,222.399994,225.029999,219.414398,48793800
8/31/2018,226.509995,228.869995,226,227.630005,221.949509,43340100
9/4/2018,228.410004,229.179993,226.630005,228.360001,222.661301,27390100
9/5/2018,228.990005,229.669998,225.100006,226.869995,221.208511,33333000
9/6/2018,226.229996,227.350006,221.300003,223.100006,217.532578,34290000
9/7/2018,221.850006,225.369995,220.710007,221.300003,215.777496,37619800
9/10/2018,220.949997,221.850006,216.470001,218.330002,212.881592,39516500
9/11/2018,218.009995,224.300003,216.559998,223.850006,218.263885,35749000
9/12/2018,224.940002,225,219.839996,221.070007,215.553238,49278700
9/13/2018,223.520004,228.350006,222.570007,226.410004,220.759964,41706400
9/14/2018,225.75,226.839996,222.520004,223.839996,218.254105,31999300
9/17/2018,222.149994,222.949997,217.270004,217.880005,212.442841,37195100
9/18/2018,217.789993,221.850006,217.119995,218.240005,212.793854,31571700
9/19/2018,218.5,219.619995,215.300003,218.369995,212.920578,27123800
9/20/2018,220.240005,222.279999,219.149994,220.029999,214.5392,26608800
9/21/2018,220.779999,221.360001,217.289993,217.660004,212.228333,96246700
9/24/2018,216.820007,221.259995,216.630005,220.789993,215.280212,27693400
9/25/2018,219.75,222.820007,219.699997,222.190002,216.645279,24554400
9/26/2018,221,223.75,219.759995,220.419998,214.919434,23984700
9/27/2018,223.820007,226.440002,223.539993,224.949997,219.336395,30181200
9/28/2018,224.789993,225.839996,224.020004,225.740005,220.106689,22929400
10/1/2018,227.949997,229.419998,226.350006,227.259995,221.588745,23600800
10/2/2018,227.25,230,226.630005,229.279999,223.55835,24788200
10/3/2018,230.050003,233.470001,229.779999,232.070007,226.278717,28654800
10/4/2018,230.779999,232.350006,226.729996,227.990005,222.300537,32042000
10/5/2018,227.960007,228.410004,220.580002,224.289993,218.692856,33580500
10/8/2018,222.210007,224.800003,220.199997,223.770004,218.185883,29663900
10/9/2018,223.639999,227.270004,222.25,226.869995,221.208511,26891000
10/10/2018,225.460007,226.350006,216.050003,216.360001,210.960739,41990600
10/11/2018,214.520004,219.5,212.320007,214.449997,209.098434,53124400
10/12/2018,220.419998,222.880005,216.839996,222.110001,216.567276,40337900
10/15/2018,221.160004,221.830002,217.270004,217.360001,211.935791,30791000
10/16/2018,218.929993,222.990005,216.759995,222.149994,216.606262,29184000
10/17/2018,222.300003,222.639999,219.339996,221.190002,215.670242,22885400
10/18/2018,217.860001,219.740005,213,216.020004,210.629227,32581300
10/19/2018,218.059998,221.259995,217.429993,219.309998,213.837128,33078700
10/22/2018,219.789993,223.360001,218.940002,220.649994,215.143692,28792100
10/23/2018,215.830002,223.25,214.699997,222.729996,217.171799,38767800
10/24/2018,222.600006,224.229996,214.539993,215.089996,209.722458,40925500
10/25/2018,217.710007,221.380005,216.75,219.800003,214.314926,29855800
10/26/2018,215.899994,220.190002,212.669998,216.300003,210.902267,47258400
10/29/2018,219.190002,219.690002,206.089996,212.240005,206.943573,45935500
10/30/2018,211.149994,215.179993,209.270004,213.300003,207.977127,36660000
10/31/2018,216.880005,220.449997,216.619995,218.860001,213.398376,38358900
11/1/2018,219.050003,222.360001,216.809998,222.220001,216.674515,58323200
11/2/2018,209.550003,213.649994,205.429993,207.479996,202.302353,91328700
11/5/2018,204.300003,204.389999,198.169998,201.589996,196.559326,66163700
11/6/2018,201.919998,204.720001,201.690002,203.770004,198.684952,31882900
11/7/2018,205.970001,210.059998,204.130005,209.949997,204.710709,33424400
11/8/2018,209.979996,210.119995,206.75,208.490005,203.996445,25362600
11/9/2018,205.550003,206.009995,202.25,204.470001,200.06308,34365800
11/12/2018,199,199.850006,193.789993,194.169998,189.985077,51135500
11/13/2018,191.630005,197.179993,191.449997,192.229996,188.086899,46882900
11/14/2018,193.899994,194.479996,185.929993,186.800003,182.773941,60801000
11/15/2018,188.389999,191.970001,186.899994,191.410004,187.284576,46478800
11/16/2018,190.5,194.970001,189.460007,193.529999,189.358887,36928300
11/19/2018,190,190.699997,184.990005,185.860001,181.854202,41925300
11/20/2018,178.369995,181.470001,175.509995,176.979996,173.165588,67825200
11/21/2018,179.729996,180.270004,176.550003,176.779999,172.969894,31124200
11/23/2018,174.940002,176.600006,172.100006,172.289993,168.57666,23624000
11/26/2018,174.240005,174.949997,170.259995,174.619995,170.856445,44998500
11/27/2018,171.509995,174.770004,170.880005,174.240005,170.48465,41387400
11/28/2018,176.729996,181.289993,174.929993,180.940002,177.040253,46062500
11/29/2018,182.660004,182.800003,177.699997,179.550003,175.680176,41770000
11/30/2018,180.289993,180.330002,177.029999,178.580002,174.73111,39531500
12/3/2018,184.460007,184.940002,181.210007,184.820007,180.836609,40802500
12/4/2018,180.949997,182.389999,176.270004,176.690002,172.881836,41344300
12/6/2018,171.759995,174.779999,170.419998,174.720001,170.9543,43098400
12/7/2018,173.490005,174.490005,168.300003,168.490005,164.858582,42281600
12/10/2018,165,170.089996,163.330002,169.600006,165.944656,62026000
